,usrec,unrate,cpiaucsl,indpro,m2sl,wtisplc,icsa,houst,gs10,tb3ms,baa,ppiaco,usalolitoaastsam,sp500,precio_oro
1967-01-31,0.0,3.9,32.9,35.225,481.6,2.97,204000.0,1067.0,4.58,4.72,5.97,33.4,98.7015714567085,86.61000061035156,34.95
1967-02-28,0.0,3.8,33.0,34.8255,485.1,3.0,242000.0,1123.0,4.63,4.56,5.82,33.4,98.5997318027578,86.77999877929688,34.95
1967-03-31,0.0,3.8,33.0,34.6292,489.7,3.0,247000.0,1056.0,4.54,4.26,5.85,33.3,98.6164642194184,90.1999969482422,34.95
1967-04-30,0.0,3.8,33.1,34.9558,492.1,3.0,255000.0,1091.0,4.59,3.84,5.83,33.1,98.7556442019569,94.01000213623048,34.95
1967-05-31,0.0,3.8,33.1,34.6508,497.2,3.0,228000.0,1304.0,4.85,3.6,5.96,33.3,99.0038747517962,89.08000183105469,34.95
1967-06-30,0.0,3.9,33.3,34.6465,502.0,3.0,218000.0,1248.0,5.02,3.54,6.15,33.5,99.3139049667223,90.63999938964844,34.95
1967-07-31,0.0,3.8,33.4,34.5676,506.3,3.0,209000.0,1364.0,5.16,4.21,6.26,33.5,99.6460684175451,94.75,34.95
1967-08-31,0.0,3.8,33.5,35.2299,510.8,3.07,213000.0,1407.0,5.28,4.27,6.33,33.4,99.966339836011,93.63999938964844,34.95
1967-09-30,0.0,3.8,33.6,35.1727,514.7,3.07,204000.0,1421.0,5.3,4.42,6.4,33.4,100.242224523127,96.70999908447266,34.95
1967-10-31,0.0,4.0,33.7,35.4591,518.2,3.07,207000.0,1491.0,5.48,4.56,6.52,33.4,100.46168199109,93.3000030517578,34.95
1967-11-30,0.0,3.9,33.9,35.9663,521.2,3.07,191000.0,1538.0,5.75,4.73,6.72,33.4,100.620296252068,94.0,34.95
1967-12-31,0.0,3.8,34.0,36.3536,524.8,3.07,216000.0,1308.0,5.7,4.97,6.93,33.7,100.719438949237,96.47000122070312,34.95
1968-01-31,0.0,3.7,34.1,36.3145,527.4,3.07,198000.0,1380.0,5.53,5.0,6.84,33.8,100.755520522746,92.23999786376952,35.5
1968-02-29,0.0,3.8,34.2,36.4446,530.4,3.07,193000.0,1520.0,5.56,4.98,6.8,34.0,100.759103871008,89.36000061035156,36.0
1968-03-31,0.0,3.7,34.3,36.5584,533.2,3.07,192000.0,1466.0,5.74,5.17,6.85,34.1,100.751215743413,90.1999969482422,37.0
1968-04-30,0.0,3.5,34.4,36.6113,535.7,3.07,251000.0,1554.0,5.64,5.38,6.97,34.1,100.744135771432,97.45999908447266,37.86
1968-05-31,0.0,3.5,34.5,37.022,538.9,3.07,194000.0,1408.0,5.87,5.66,7.03,34.2,100.746111837522,98.68000030517578,40.7
1968-06-30,0.0,3.7,34.7,37.158,542.6,3.07,194000.0,1405.0,5.72,5.52,7.07,34.2,100.771037209762,99.58000183105467,41.14
1968-07-31,0.0,3.7,34.9,37.101,545.6,3.07,205000.0,1512.0,5.5,5.31,6.98,34.3,100.832615883512,97.73999786376952,39.46
1968-08-31,0.0,3.5,35.0,37.2045,549.4,3.07,188000.0,1495.0,5.42,5.09,6.82,34.2,100.942413453334,98.86000061035156,39.19
1968-09-30,0.0,3.4,35.1,37.3454,553.6,3.07,189000.0,1556.0,5.46,5.19,6.79,34.4,101.100360140023,102.66999816894533,40.18
1968-10-31,0.0,3.4,35.3,37.4196,557.6,3.07,182000.0,1569.0,5.58,5.35,6.84,34.4,101.257632500046,103.41000366210938,39.21
1968-11-30,0.0,3.4,35.4,37.9036,562.4,3.07,162000.0,1630.0,5.7,5.45,7.01,34.5,101.356501613908,108.37000274658205,39.78
1968-12-31,0.0,3.4,35.6,38.0233,566.8,3.07,223000.0,1548.0,6.03,5.96,7.23,34.6,101.376597179379,103.86000061035156,41.08
1969-01-31,0.0,3.4,35.7,38.2533,569.3,3.07,193000.0,1769.0,6.04,6.14,7.32,34.8,101.32267630087,103.01000213623048,42.3
1969-02-28,0.0,3.4,35.8,38.4981,571.9,3.07,192000.0,1705.0,6.19,6.12,7.3,35.0,101.203079473475,98.12999725341795,42.6
1969-03-31,0.0,3.4,36.1,38.8,574.4,3.25,183000.0,1561.0,6.3,6.02,7.51,35.2,101.027492161541,101.51000213623048,43.16
1969-04-30,0.0,3.4,36.3,38.6573,575.7,3.35,177000.0,1524.0,6.17,6.11,7.54,35.3,100.79744050603,103.69000244140624,43.31
1969-05-31,0.0,3.4,36.4,38.5111,576.5,3.35,187000.0,1583.0,6.32,6.04,7.52,35.5,100.518312636799,103.45999908447266,43.46
1969-06-30,0.0,3.5,36.6,38.8874,578.5,3.35,203000.0,1528.0,6.57,6.44,7.7,35.7,100.235344821951,97.70999908447266,41.44
1969-07-31,0.0,3.5,36.8,39.0927,579.5,3.35,192000.0,1368.0,6.72,7.0,7.84,35.8,99.984434502649,91.83000183105467,41.76
1969-08-31,0.0,3.5,36.9,39.1825,580.1,3.35,195000.0,1358.0,6.69,6.98,7.86,35.7,99.7750265855447,95.51000213623048,41.09
1969-09-30,0.0,3.7,37.1,39.1737,582.1,3.35,193000.0,1507.0,7.16,7.09,8.05,35.8,99.5839956157757,93.12000274658205,40.87
1969-10-31,0.0,3.7,37.3,39.1852,583.4,3.35,205000.0,1381.0,7.1,7.0,8.22,35.9,99.3762753229829,97.12000274658205,40.44
1969-11-30,0.0,3.5,37.5,38.8158,585.4,3.35,202000.0,1229.0,7.14,7.24,8.25,36.1,99.1322682699618,93.80999755859376,37.4
1969-12-31,0.0,3.5,37.7,38.7116,587.9,3.35,223000.0,1327.0,7.65,7.82,8.65,36.3,98.8479894924104,92.05999755859376,35.17
1970-01-31,1.0,3.9,37.9,37.9948,589.6,3.35,239000.0,1085.0,7.79,7.87,8.86,36.5,98.5321335595974,85.0199966430664,34.94
1970-02-28,1.0,4.2,38.1,37.9698,586.3,3.35,242000.0,1305.0,7.24,7.13,8.78,36.7,98.2194580057717,89.5,34.99
1970-03-31,1.0,4.4,38.3,37.9205,587.3,3.35,276000.0,1319.0,7.07,6.63,8.63,36.7,97.9403250595248,89.62999725341797,35.09
1970-04-30,1.0,4.6,38.5,37.823,588.4,3.35,349000.0,1264.0,7.39,6.51,8.7,36.8,97.7210702873243,81.5199966430664,35.62
1970-05-31,1.0,4.8,38.6,37.7789,591.5,3.35,301000.0,1290.0,7.91,6.84,8.98,36.8,97.5908275124397,76.55000305175781,35.95
1970-06-30,1.0,4.9,38.8,37.6567,595.2,3.35,291000.0,1385.0,7.84,6.68,9.25,36.9,97.5411770486965,72.72000122070312,35.42
1970-07-31,1.0,5.0,38.9,37.7491,599.1,3.31,287000.0,1517.0,7.46,6.45,9.4,37.1,97.54272984268,78.05000305175781,35.32
1970-08-31,1.0,5.1,39.0,37.6818,604.9,3.31,297000.0,1399.0,7.53,6.41,9.44,36.9,97.5867539764121,81.5199966430664,35.38
1970-09-30,1.0,5.4,39.2,37.4221,611.2,3.31,333000.0,1534.0,7.39,6.12,9.39,37.1,97.6915541257858,84.30000305175781,36.19
1970-10-31,1.0,5.5,39.4,36.6735,616.4,3.31,327000.0,1580.0,7.33,5.91,9.33,37.1,97.8896049574235,83.25,37.52
1970-11-30,1.0,5.9,39.6,36.4514,621.1,3.31,337000.0,1647.0,6.84,5.28,9.38,37.1,98.2191065577801,87.19999694824219,37.44
1970-12-31,0.0,6.1,39.8,37.2885,626.5,3.56,321000.0,1893.0,6.39,4.87,9.12,37.1,98.6714543981824,92.1500015258789,37.44
1971-01-31,0.0,5.9,39.9,37.5753,632.9,3.56,292000.0,1828.0,6.24,4.44,8.74,37.3,99.1639413147609,95.87999725341795,37.88
1971-02-28,0.0,5.9,39.9,37.5037,641.0,3.56,290000.0,1741.0,6.11,3.7,8.39,37.7,99.6038544388128,96.75,38.74
1971-03-31,0.0,6.0,40.0,37.4631,649.9,3.56,300000.0,1910.0,5.7,3.38,8.46,37.8,99.9326253466901,100.30999755859376,38.87
1971-04-30,0.0,5.9,40.1,37.6735,658.4,3.56,288000.0,1986.0,5.83,3.86,8.45,37.9,100.146683973765,103.9499969482422,39.01
1971-05-31,0.0,5.9,40.3,37.8646,666.7,3.56,299000.0,2049.0,6.39,4.14,8.62,38.1,100.256749855753,99.62999725341795,40.52
1971-06-30,0.0,5.9,40.5,38.0234,673.0,3.56,291000.0,2026.0,6.52,4.75,8.75,38.2,100.295491886087,98.6999969482422,40.1
1971-07-31,0.0,6.0,40.6,37.9131,679.6,3.56,308000.0,2083.0,6.73,5.4,8.76,38.3,100.304399122042,95.58000183105467,40.95
1971-08-31,0.0,6.1,40.7,37.693,685.5,3.56,307000.0,2158.0,6.58,4.94,8.76,38.5,100.328046535618,99.02999877929688,42.71
1971-09-30,0.0,6.0,40.8,38.3056,692.5,3.56,308000.0,2041.0,6.14,4.69,8.59,38.3,100.412543185186,98.33999633789062,42.03
1971-10-31,0.0,5.8,40.9,38.5924,698.4,3.56,283000.0,2128.0,5.93,4.46,8.48,38.3,100.591734573242,94.2300033569336,42.5
1971-11-30,0.0,6.0,41.0,38.7561,704.6,3.56,278000.0,2182.0,5.81,4.22,8.38,38.3,100.87938194026,93.98999786376952,42.86
1971-12-31,0.0,6.0,41.1,39.2035,710.3,3.56,244000.0,2295.0,5.93,4.01,8.38,38.6,101.256576443963,102.08999633789062,43.48
1972-01-31,0.0,5.8,41.2,40.1408,717.7,3.56,269000.0,2494.0,5.95,3.38,8.23,38.8,101.651608703779,103.94000244140624,45.75
1972-02-29,0.0,5.7,41.4,40.5459,725.7,3.56,254000.0,2390.0,6.08,3.2,8.23,39.2,102.004385082895,106.56999969482422,48.26
1972-03-31,0.0,5.8,41.4,40.8263,733.5,3.56,264000.0,2334.0,6.07,3.73,8.24,39.2,102.280557180552,107.1999969482422,48.33
1972-04-30,0.0,5.7,41.5,41.2348,738.4,3.56,265000.0,2249.0,6.19,3.71,8.24,39.3,102.484026496726,107.66999816894533,49.03
1972-05-31,0.0,5.7,41.6,41.2405,743.3,3.56,267000.0,2221.0,6.13,3.69,8.23,39.5,102.640222245929,109.52999877929688,54.62
1972-06-30,0.0,5.7,41.7,41.3497,749.7,3.56,286000.0,2254.0,6.11,3.91,8.2,39.7,102.778356524551,107.13999938964844,62.09
1972-07-31,0.0,5.6,41.8,41.3035,759.5,3.56,247000.0,2252.0,6.11,3.98,8.23,40.0,102.934981863906,107.38999938964844,65.66
1972-08-31,0.0,5.6,41.9,41.879,768.7,3.56,262000.0,2382.0,6.21,4.02,8.19,40.1,103.1338910834,111.08999633789062,67.03
1972-09-30,0.0,5.5,42.1,42.2132,778.3,3.56,251000.0,2481.0,6.55,4.66,8.09,40.2,103.353753969324,110.5500030517578,65.46
1972-10-31,0.0,5.6,42.2,42.7494,786.9,3.56,234000.0,2485.0,6.48,4.74,8.06,40.1,103.559566989192,111.58000183105467,64.86
1972-11-30,0.0,5.3,42.4,43.2548,793.9,3.56,235000.0,2421.0,6.28,4.78,7.99,40.3,103.723810266564,116.66999816894533,62.91
1972-12-31,0.0,5.2,42.5,43.7367,802.3,3.56,225000.0,2366.0,6.36,5.07,7.93,41.1,103.810682012573,118.0500030517578,63.91
1973-01-31,0.0,4.9,42.7,44.0529,810.3,3.56,214000.0,2481.0,6.46,5.41,7.9,41.6,103.796022699602,116.02999877929688,65.14
1973-02-28,0.0,5.0,43.0,44.6827,814.1,3.56,218000.0,2289.0,6.64,5.6,7.97,42.4,103.669481003673,111.68000030517578,74.2
1973-03-31,0.0,4.9,43.4,44.7045,815.3,3.56,222000.0,2365.0,6.71,6.09,8.03,43.4,103.428348680764,111.5199966430664,84.37
1973-04-30,0.0,5.0,43.7,44.6387,819.7,3.56,236000.0,2084.0,6.67,6.26,8.09,43.6,103.090644502935,106.97000122070312,90.5
1973-05-31,0.0,4.9,43.9,44.9429,826.8,3.56,238000.0,2266.0,6.85,6.36,8.06,44.5,102.694924834797,104.9499969482422,101.96
1973-06-30,0.0,4.9,44.2,45.0035,833.3,3.56,237000.0,2067.0,6.9,7.19,8.13,45.5,102.288986371833,104.26000213623048,120.12
1973-07-31,0.0,4.8,44.2,45.1636,836.5,3.56,250000.0,2123.0,7.13,8.01,8.24,44.9,101.911294905972,108.22000122070312,120.17
1973-08-31,0.0,4.8,45.0,45.1019,838.8,4.31,254000.0,2051.0,7.4,8.67,8.53,47.5,101.584749594421,104.25,106.76
1973-09-30,0.0,4.8,45.2,45.4624,839.3,4.31,249000.0,1874.0,7.09,8.29,8.63,46.7,101.324257273557,108.43000030517578,102.97
1973-10-31,0.0,4.6,45.6,45.847,842.6,4.31,235000.0,1677.0,6.79,7.22,8.41,46.3,101.113087026916,108.29000091552734,100.08
1973-11-30,0.0,4.8,45.9,46.0553,848.9,4.31,233000.0,1724.0,6.73,7.83,8.42,46.5,100.90526693444,95.95999908447266,94.92
1973-12-31,1.0,4.9,46.3,45.923,855.5,4.31,300000.0,1526.0,6.74,7.45,8.48,47.4,100.683389439813,97.5500030517578,106.72
1974-01-31,1.0,5.1,46.8,45.6204,859.7,10.11,291000.0,1451.0,6.99,7.77,8.48,49.0,100.457391903537,96.56999969482422,129.19
1974-02-28,1.0,5.2,47.3,45.4759,864.2,10.11,292000.0,1752.0,6.96,7.12,8.53,50.0,100.200955746906,96.22000122070312,150.13
1974-03-31,1.0,5.1,47.8,45.4777,870.1,10.11,323000.0,1555.0,7.21,7.96,8.62,50.6,99.8931669796066,93.9800033569336,168.42
1974-04-30,1.0,5.1,48.1,45.3451,872.9,10.11,283000.0,1607.0,7.51,8.33,8.87,51.0,99.5169239087136,90.30999755859376,172.24
1974-05-31,1.0,5.1,48.6,45.7044,874.6,10.11,309000.0,1426.0,7.58,8.23,9.05,51.8,99.0794885695823,87.27999877929688,163.27
1974-06-30,1.0,5.4,49.0,45.6238,877.8,10.11,325000.0,1513.0,7.54,7.9,9.27,52.0,98.5933037042682,86.0,154.1
1974-07-31,1.0,5.5,49.3,45.7221,881.4,10.11,320000.0,1316.0,7.81,7.55,9.48,54.0,98.0716796961569,79.30999755859375,142.98
1974-08-31,1.0,5.5,49.9,45.2366,884.1,10.11,350000.0,1142.0,8.04,8.96,9.77,55.9,97.5178437221536,72.1500015258789,154.64
1974-09-30,1.0,5.9,50.6,45.2365,887.9,10.11,366000.0,1150.0,8.04,8.06,10.18,55.9,96.9431802425009,63.540000915527344,151.75
1974-10-31,1.0,6.0,51.0,45.1133,893.3,11.16,414000.0,1070.0,7.9,7.46,10.48,56.9,96.4023776069778,73.9000015258789,158.78
1974-11-30,1.0,6.6,51.5,43.6278,898.6,11.16,474000.0,1026.0,7.68,7.47,10.6,57.4,95.9442927780124,69.97000122070312,181.66
1974-12-31,1.0,7.2,51.9,42.0533,902.1,11.16,537000.0,975.0,7.43,7.15,10.63,57.3,95.6367363491577,68.55999755859375,183.78
1975-01-31,1.0,8.1,52.3,41.4676,906.3,11.16,555000.0,1032.0,7.5,6.26,10.81,57.4,95.5407374072234,76.9800033569336,176.27
1975-02-28,1.0,8.1,52.6,40.5165,914.1,11.16,544000.0,904.0,7.39,5.5,10.65,57.2,95.6461452345963,81.58999633789062,179.6
1975-03-31,1.0,8.6,52.8,40.0638,925.0,11.16,555000.0,993.0,7.73,5.49,10.48,56.9,95.9209291733101,83.36000061035156,178.16
1975-04-30,0.0,8.8,53.0,40.1573,935.1,11.16,513000.0,1005.0,8.23,5.61,10.58,57.5,96.3307465121146,87.30000305175781,169.84
1975-05-31,0.0,9.0,53.1,40.0253,947.9,11.16,475000.0,1121.0,8.06,5.23,10.69,57.9,96.8112444102636,91.1500015258789,167.39
1975-06-30,0.0,8.8,53.5,40.2772,963.0,11.16,459000.0,1087.0,7.86,5.34,10.62,58.0,97.3166644464146,95.19000244140624,164.24
1975-07-31,0.0,8.6,54.0,40.6994,975.1,11.16,454000.0,1226.0,8.06,6.13,10.55,58.7,97.8160982651835,88.75,165.17
1975-08-31,0.0,8.4,54.2,41.0998,983.1,11.16,446000.0,1260.0,8.4,6.44,10.59,59.0,98.2841237232362,86.87999725341797,163.0
1975-09-30,0.0,8.4,54.6,41.6304,991.5,11.16,445000.0,1264.0,8.43,6.42,10.61,59.4,98.7185556640046,83.87000274658203,144.17
1975-10-31,0.0,8.4,54.9,41.8135,997.8,11.16,426000.0,1344.0,8.14,5.96,10.62,59.8,99.130970512836,89.04000091552734,142.79
1975-11-30,0.0,8.3,55.3,41.8697,1006.9,11.16,387000.0,1360.0,8.05,5.48,10.56,59.5,99.5344163302017,91.23999786376952,142.42
1975-12-31,0.0,8.2,55.6,42.4414,1016.2,11.16,391000.0,1321.0,8.0,5.44,10.56,59.7,99.936730361997,90.19000244140624,139.3
1976-01-31,0.0,7.9,55.8,43.0012,1026.6,11.16,359000.0,1367.0,7.74,4.87,10.41,59.9,100.321900225381,100.86000061035156,131.05
1976-02-29,0.0,7.7,55.9,43.4229,1040.3,12.03,349000.0,1538.0,7.79,4.88,10.24,59.9,100.646962133568,99.70999908447266,131.06
1976-03-31,0.0,7.6,56.0,43.5168,1050.0,12.1,366000.0,1421.0,7.73,5.0,10.12,60.0,100.878789349534,102.7699966430664,132.76
1976-04-30,0.0,7.7,56.1,43.7327,1060.8,12.17,367000.0,1395.0,7.56,4.86,9.94,60.6,101.018023445674,101.63999938964844,127.94
1976-05-31,0.0,7.4,56.4,43.9186,1072.1,12.17,402000.0,1459.0,7.9,5.2,9.86,60.8,101.077234471485,100.18000030517578,126.92
1976-06-30,0.0,7.6,56.7,43.9637,1077.6,12.17,387000.0,1495.0,7.86,5.41,9.89,61.2,101.084660151554,104.27999877929688,125.71
1976-07-31,0.0,7.8,57.0,44.2141,1086.3,12.17,388000.0,1401.0,7.83,5.23,9.82,61.6,101.064685589364,103.44000244140624,117.73
1976-08-31,0.0,7.8,57.3,44.5182,1098.7,12.17,394000.0,1550.0,7.77,5.14,9.64,61.4,101.034220512765,102.91000366210938,109.93
1976-09-30,0.0,7.6,57.6,44.6721,1110.8,13.9,423000.0,1720.0,7.59,5.08,9.4,61.8,101.02217038288,105.23999786376952,114.15
1976-10-31,0.0,7.7,57.9,44.6585,1125.0,13.9,414000.0,1629.0,7.41,4.92,9.29,61.9,101.0522297271,102.9000015258789,116.15
1976-11-30,0.0,7.8,58.1,45.3392,1138.2,13.9,377000.0,1641.0,7.29,4.75,9.23,62.0,101.148218052292,102.0999984741211,130.46
1976-12-31,0.0,7.8,58.4,45.8294,1152.0,13.9,333000.0,1804.0,6.87,4.35,9.12,62.5,101.303380678799,107.45999908447266,133.93
1977-01-31,0.0,7.5,58.7,45.5087,1165.2,13.9,422000.0,1527.0,7.21,4.62,9.08,62.8,101.486857358825,102.02999877929688,132.26
1977-02-28,0.0,7.6,59.3,46.2277,1177.6,13.9,362000.0,1943.0,7.39,4.67,9.12,63.5,101.674737121845,99.81999969482422,136.24
1977-03-31,0.0,7.4,59.6,46.8185,1188.5,13.9,356000.0,2063.0,7.46,4.6,9.12,64.1,101.83965807742,98.41999816894533,148.23
1977-04-30,0.0,7.2,60.0,47.2684,1199.6,13.9,375000.0,1892.0,7.37,4.54,9.07,64.9,101.949284887151,98.44000244140624,149.17
1977-05-31,0.0,7.0,60.2,47.6411,1209.0,13.9,381000.0,1971.0,7.46,4.96,9.01,65.2,101.996972519857,96.12000274658205,146.61
1977-06-30,0.0,7.2,60.5,48.0116,1217.8,13.9,365000.0,1893.0,7.28,5.02,8.91,65.0,101.984212556164,100.4800033569336,140.78
1977-07-31,0.0,6.9,60.8,48.073,1226.7,13.9,365000.0,2058.0,7.33,5.19,8.87,65.1,101.924359215446,98.8499984741211,143.39
1977-08-31,0.0,7.0,61.1,48.1205,1237.0,14.85,365000.0,2020.0,7.4,5.49,8.82,65.0,101.840573622463,96.7699966430664,144.94
1977-09-30,0.0,6.8,61.3,48.3189,1246.2,14.85,380000.0,1949.0,7.34,5.81,8.8,65.3,101.762100901245,96.52999877929688,149.53
1977-10-31,0.0,6.8,61.6,48.3871,1254.0,14.85,349000.0,2042.0,7.52,6.16,8.89,65.6,101.70642626782,92.33999633789062,158.95
1977-11-30,0.0,6.8,62.0,48.4761,1262.4,14.85,354000.0,2042.0,7.58,6.1,8.95,65.8,101.674649037325,94.83000183105467,162.1
1977-12-31,0.0,6.4,62.3,48.5629,1270.3,14.85,364000.0,2142.0,7.69,6.07,8.99,66.2,101.66907343504,95.0999984741211,160.45
1978-01-31,0.0,6.4,62.7,47.8481,1279.7,14.85,363000.0,1718.0,7.96,6.44,9.17,66.8,101.69247529332,89.25,173.18
1978-02-28,0.0,6.3,63.0,48.1044,1285.5,14.85,371000.0,1738.0,8.03,6.45,9.2,67.5,101.738865527055,87.04000091552734,178.14
1978-03-31,0.0,6.3,63.4,49.0265,1292.2,14.85,335000.0,2032.0,8.04,6.29,9.22,68.1,101.837774313105,89.20999908447266,183.61
1978-04-30,0.0,6.1,63.9,50.0206,1300.4,14.85,324000.0,2197.0,8.15,6.29,9.32,69.0,101.976567188135,96.83000183105467,175.28
1978-05-31,0.0,6.0,64.5,50.254,1310.5,14.85,318000.0,2075.0,8.35,6.41,9.49,69.5,102.118546753943,97.23999786376952,176.31
1978-06-30,0.0,5.9,65.0,50.5801,1318.5,14.85,330000.0,2070.0,8.46,6.73,9.6,70.0,102.225150421838,95.52999877929688,183.75
1978-07-31,0.0,6.2,65.5,50.5384,1324.1,14.85,346000.0,2092.0,8.64,7.01,9.6,70.4,102.273213570381,100.68000030517578,188.73
1978-08-31,0.0,5.9,65.9,50.7458,1333.5,14.85,333000.0,1996.0,8.41,7.08,9.48,70.4,102.252673983621,103.29000091552734,206.3
1978-09-30,0.0,6.0,66.5,50.8744,1345.0,14.85,318000.0,1970.0,8.42,7.85,9.42,71.0,102.164171416568,102.54000091552734,212.08
1978-10-31,0.0,5.8,67.1,51.2559,1352.3,14.85,316000.0,1981.0,8.64,7.99,9.59,71.8,102.013474489601,93.1500015258789,227.44
1978-11-30,0.0,5.9,67.5,51.6514,1359.1,14.85,359000.0,2094.0,8.81,8.64,9.83,72.1,101.820759768075,94.6999969482422,206.2
1978-12-31,0.0,6.0,67.9,51.909,1366.0,14.85,358000.0,2044.0,9.01,9.08,9.94,72.7,101.62145800936,96.11000061035156,207.85
1979-01-31,0.0,5.9,68.5,51.6278,1371.6,14.85,342000.0,1630.0,9.1,9.35,10.13,73.8,101.444853470072,99.93000030517578,227.28
1979-02-28,0.0,5.9,69.2,51.8752,1377.8,15.85,360000.0,1520.0,9.1,9.32,10.08,74.9,101.273104251369,96.27999877929688,245.67
1979-03-31,0.0,5.8,69.9,52.0446,1387.8,15.85,360000.0,1847.0,9.12,9.48,10.26,75.8,101.075308214782,101.58999633789062,242.05
1979-04-30,0.0,5.8,70.6,51.4193,1402.1,15.85,357000.0,1748.0,9.18,9.46,10.33,76.9,100.837712911255,101.76000213623048,239.11
1979-05-31,0.0,5.6,71.4,51.8856,1410.2,18.1,349000.0,1876.0,9.25,9.61,10.47,77.5,100.579012476908,99.08000183105467,257.59
1979-06-30,0.0,5.7,72.2,51.8965,1423.0,19.1,369000.0,1913.0,8.91,9.06,10.38,78.0,100.310404028425,102.91000366210938,279.07
1979-07-31,0.0,5.7,73.0,51.8097,1434.8,21.75,386000.0,1760.0,8.95,9.24,10.29,79.2,100.044818026797,103.80999755859376,294.74
1979-08-31,0.0,6.0,73.7,51.4684,1446.6,26.5,390000.0,1778.0,9.03,9.52,10.35,79.6,99.7938463313592,109.31999969482422,300.82
1979-09-30,0.0,5.9,74.4,51.4597,1454.1,28.5,390000.0,1832.0,9.33,10.26,10.54,80.9,99.5482093648547,109.31999969482422,354.95
1979-10-31,0.0,6.0,75.2,51.8334,1460.4,29.0,398000.0,1681.0,10.3,11.7,11.4,82.1,99.2881264802301,101.81999969482422,391.66
1979-11-30,0.0,5.9,76.0,51.7531,1465.9,31.0,414000.0,1524.0,10.65,11.79,11.99,82.6,99.0113165448918,106.16000366210938,391.99
1979-12-31,0.0,6.0,76.9,51.7878,1473.7,32.5,428000.0,1498.0,10.39,12.04,12.06,83.4,98.7246688332002,107.94000244140624,455.08
1980-01-31,0.0,6.3,78.0,52.0679,1482.7,32.5,412000.0,1341.0,10.8,12.0,12.42,85.2,98.4297053478985,114.16000366210938,675.31
1980-02-29,1.0,6.3,79.0,52.082,1494.6,37.0,428000.0,1350.0,12.41,12.86,13.57,86.9,98.1094165649912,113.66000366210938,665.32
1980-03-31,1.0,6.3,80.1,51.87,1499.8,38.0,475000.0,1047.0,12.75,15.2,14.45,87.5,97.8039355561218,102.08999633789062,553.58
1980-04-30,1.0,6.9,80.9,50.8397,1502.2,39.5,563000.0,1051.0,11.47,13.2,14.19,87.8,97.63551372904,106.29000091552734,517.41
1980-05-31,1.0,7.5,81.7,49.589,1512.3,39.5,637000.0,927.0,10.18,8.58,13.17,88.3,97.6956061291024,111.23999786376952,513.8
1980-06-30,1.0,7.6,82.5,48.9482,1529.2,39.5,627000.0,1196.0,9.78,7.07,12.71,88.7,98.0179381732818,114.23999786376952,600.72
1980-07-31,1.0,7.8,82.6,48.6039,1545.5,39.5,558000.0,1269.0,10.25,8.06,12.65,90.3,98.5314262234421,121.66999816894533,643.27
1980-08-31,0.0,7.7,83.2,48.7563,1561.5,38.0,502000.0,1436.0,11.1,9.13,13.15,91.5,99.108517245672,122.37999725341795,627.15
1980-09-30,0.0,7.5,83.9,49.5608,1574.0,36.0,463000.0,1471.0,11.51,10.27,13.7,91.7,99.6123660116766,125.45999908447266,673.63
1980-10-31,0.0,7.5,84.7,50.1908,1584.8,36.0,418000.0,1523.0,11.75,11.62,14.23,92.8,99.9437068693249,127.47000122070312,661.15
1980-11-30,0.0,7.5,85.6,51.0311,1595.8,36.0,412000.0,1510.0,12.68,13.73,14.64,93.2,100.076584350993,140.52000427246094,624.77
1980-12-31,0.0,7.2,86.4,51.3708,1599.8,37.0,399000.0,1482.0,12.84,15.49,15.14,93.8,100.056180235171,135.75999450683594,538.26
1981-01-31,0.0,7.5,87.2,51.0415,1606.9,38.0,419000.0,1547.0,12.57,15.02,15.03,95.2,99.9585039773084,129.5500030517578,557.39
1981-02-28,0.0,7.4,88.0,50.824,1618.7,38.0,434000.0,1246.0,13.19,14.79,15.37,96.1,99.8354507833161,131.27000427246094,499.76
1981-03-31,0.0,7.4,88.6,51.0826,1636.6,38.0,412000.0,1306.0,13.12,13.36,15.34,97.0,99.7121108123981,136.0,499.11
1981-04-30,0.0,7.2,89.1,50.858,1659.2,38.0,436000.0,1360.0,13.68,13.69,15.56,98.0,99.557369438861,132.80999755859375,495.8
1981-05-31,0.0,7.5,89.7,51.1495,1664.2,38.0,417000.0,1140.0,14.1,16.3,15.95,98.3,99.3413749809889,132.58999633789062,479.7
1981-06-30,0.0,7.5,90.5,51.4101,1670.3,36.0,444000.0,1045.0,13.47,14.73,15.8,98.5,99.0790811906646,131.2100067138672,461.09
1981-07-31,0.0,7.2,91.5,51.7471,1681.9,36.0,407000.0,1041.0,14.28,14.95,16.17,99.0,98.8034233672501,130.9199981689453,409.07
1981-08-31,1.0,7.4,92.2,51.6826,1694.3,36.0,451000.0,940.0,14.94,15.51,16.34,99.0,98.517935139162,122.79000091552734,410.16
1981-09-30,1.0,7.6,93.1,51.4337,1706.0,36.0,491000.0,911.0,15.32,14.7,16.92,98.8,98.2000570186144,116.18000030517578,443.75
1981-10-31,1.0,7.9,93.4,51.0281,1721.8,35.0,514000.0,873.0,15.15,13.54,17.11,98.9,97.8615645422636,121.88999938964844,437.76
1981-11-30,1.0,8.3,93.8,50.435,1736.1,36.0,552000.0,837.0,13.39,10.86,16.39,98.8,97.5234901465748,126.3499984741211,413.37
1981-12-31,1.0,8.5,94.1,49.8987,1755.5,35.0,556000.0,910.0,13.72,10.85,16.55,98.8,97.2124301711439,122.5500030517578,410.09
1982-01-31,1.0,8.6,94.4,48.8685,1770.4,33.85,583000.0,843.0,14.59,12.28,17.1,99.7,96.9219619685904,120.4000015258789,384.14
1982-02-28,1.0,8.9,94.7,49.8636,1774.5,31.56,528000.0,866.0,14.43,13.48,17.18,99.8,96.646294207091,113.11000061035156,374.13
1982-03-31,1.0,9.0,94.7,49.5323,1786.5,28.48,574000.0,931.0,13.86,12.68,16.82,99.6,96.4219267568359,111.95999908447266,330.25
1982-04-30,1.0,9.3,95.0,49.075,1803.9,33.45,588000.0,917.0,13.87,12.7,16.78,99.6,96.2795424109335,116.44000244140624,350.3
1982-05-31,1.0,9.4,95.9,48.7483,1815.4,35.93,588000.0,1025.0,13.62,12.09,16.64,99.8,96.2267196446518,111.87999725341795,333.71
1982-06-30,1.0,9.6,97.0,48.6214,1826.0,35.07,582000.0,902.0,14.3,12.47,16.92,100.0,96.2659534338846,109.61000061035156,314.98
1982-07-31,1.0,9.8,97.5,48.4616,1831.5,34.16,605000.0,1166.0,13.95,11.35,16.8,100.4,96.3841847183194,107.08999633789062,338.97
1982-08-31,1.0,9.8,97.7,48.0192,1845.2,33.95,647000.0,1046.0,13.06,8.68,16.32,100.3,96.5681478161372,119.51000213623048,364.23
1982-09-30,1.0,10.1,97.7,47.9008,1858.4,35.63,671000.0,1144.0,12.34,7.92,15.63,100.0,96.8230873174326,120.41999816894533,437.31
1982-10-31,1.0,10.4,98.1,47.4371,1869.7,35.68,637000.0,1173.0,10.91,7.71,14.73,100.2,97.144544972349,133.72000122070312,422.15
1982-11-30,1.0,10.8,98.0,47.283,1883.7,34.15,612000.0,1372.0,10.55,8.07,14.3,100.3,97.5450813040101,138.52999877929688,414.89
1982-12-31,0.0,10.8,97.7,46.9485,1905.9,31.72,489000.0,1303.0,10.54,7.94,14.14,100.5,98.0339581066938,140.63999938964844,444.5
1983-01-31,0.0,10.4,97.9,47.8234,1959.4,31.19,503000.0,1586.0,10.46,7.86,13.94,100.2,98.5983744511452,145.3000030517578,481.29
1983-02-28,0.0,10.4,98.0,47.5233,1996.8,28.95,481000.0,1699.0,10.72,8.11,13.95,100.5,99.2114449776627,148.05999755859375,491.09
1983-03-31,0.0,10.3,98.1,47.9244,2015.2,28.82,481000.0,1606.0,10.51,8.35,13.61,100.4,99.8426157563403,152.9600067138672,419.7
1983-04-30,0.0,10.2,98.8,48.5311,2028.6,30.61,490000.0,1472.0,10.4,8.21,13.29,100.4,100.458892598891,164.42999267578125,432.88
1983-05-31,0.0,10.1,99.2,48.8239,2043.1,30.0,454000.0,1776.0,10.38,8.19,13.09,100.8,101.025668634166,162.38999938964844,438.01
1983-06-30,0.0,10.1,99.4,49.123,2053.5,31.0,442000.0,1733.0,10.85,8.79,13.37,101.0,101.510436692354,167.63999938964844,412.84
1983-07-31,0.0,9.4,99.8,49.8546,2064.8,31.66,415000.0,1785.0,11.38,9.08,13.39,101.3,101.896835243108,162.55999755859375,402.91
1983-08-31,0.0,9.5,100.1,50.4443,2074.0,31.91,426000.0,1910.0,11.85,9.34,13.64,101.8,102.185244253916,164.39999389648438,416.2
1983-09-30,0.0,9.2,100.4,51.178,2083.2,31.11,416000.0,1710.0,11.65,9.0,13.55,102.0,102.395837210771,166.07000732421875,411.8
1983-10-31,0.0,8.8,100.8,51.5693,2099.2,30.41,404000.0,1715.0,11.54,8.64,13.46,102.2,102.536457515774,163.5500030517578,393.6
1983-11-30,0.0,8.5,101.1,51.7993,2112.3,29.84,398000.0,1785.0,11.69,8.76,13.61,102.1,102.612547039879,166.39999389648438,381.7
1983-12-31,0.0,8.3,101.4,52.0594,2123.5,29.24,372000.0,1688.0,11.83,9.0,13.75,102.3,102.626154872662,164.92999267578125,388.34
1984-01-31,0.0,8.0,102.1,53.0985,2138.2,29.69,364000.0,1897.0,11.67,8.9,13.65,102.9,102.581489831823,163.41000366210938,370.89
1984-02-29,0.0,7.8,102.6,53.3318,2158.2,30.145,343000.0,2260.0,11.84,9.09,13.59,103.2,102.467953914112,157.05999755859375,385.96
1984-03-31,0.0,7.8,102.9,53.5929,2175.2,30.761,341000.0,1663.0,12.32,9.52,13.99,103.9,102.278508170733,159.17999267578125,394.26
1984-04-30,0.0,7.7,103.3,53.91,2191.7,30.618,375000.0,1851.0,12.63,9.69,14.31,104.0,102.02171325657,160.0500030517578,381.37
1984-05-31,0.0,7.4,103.5,54.2026,2204.1,30.52,354000.0,1774.0,13.41,9.83,14.74,104.1,101.726719959658,150.5500030517578,377.4
1984-06-30,0.0,7.2,103.7,54.4014,2215.1,29.967,360000.0,1843.0,13.56,9.87,15.05,104.0,101.417451840894,153.17999267578125,377.7
1984-07-31,0.0,7.5,104.1,54.5521,2223.5,28.752,359000.0,1732.0,13.36,10.12,15.15,104.2,101.125840175326,150.66000366210938,347.71
1984-08-31,0.0,7.5,104.4,54.6083,2230.4,29.25,395000.0,1586.0,12.72,10.47,14.63,103.8,100.870842187723,166.67999267578125,347.7
1984-09-30,0.0,7.3,104.7,54.4466,2244.4,29.311,402000.0,1698.0,12.52,10.37,14.35,103.4,100.669341213906,166.10000610351562,340.2
1984-10-31,0.0,7.4,105.1,54.4406,2258.9,28.765,425000.0,1590.0,12.16,9.74,13.94,103.4,100.527899940677,166.08999633789062,341.0
1984-11-30,0.0,7.2,105.3,54.624,2281.4,28.098,429000.0,1689.0,11.57,8.61,13.48,103.7,100.432639868296,163.5800018310547,342.0
1984-12-31,0.0,7.3,105.5,54.6416,2306.4,25.429,379000.0,1612.0,11.5,8.06,13.4,103.5,100.362003802203,167.24000549316406,319.54
1985-01-31,0.0,7.3,105.7,54.6322,2332.4,25.641,368000.0,1711.0,11.38,7.76,13.26,103.4,100.307445122343,179.6300048828125,302.79
1985-02-28,0.0,7.2,106.3,54.7825,2354.1,27.271,390000.0,1632.0,11.51,8.27,13.23,103.3,100.255964115295,181.17999267578125,299.1
1985-03-31,0.0,7.2,106.8,54.8653,2366.2,28.238,386000.0,1800.0,11.86,8.52,13.69,103.1,100.213514028623,180.66000366210935,313.5
1985-04-30,0.0,7.3,107.0,54.7459,2375.4,28.805,386000.0,1821.0,11.43,7.95,13.51,103.3,100.179097862321,179.8300018310547,326.8
1985-05-31,0.0,7.2,107.2,54.8255,2389.5,27.623,396000.0,1680.0,10.85,7.48,13.15,103.5,100.148719970336,189.5500030517578,316.0
1985-06-30,0.0,7.4,107.5,54.7989,2412.6,27.143,390000.0,1676.0,10.16,6.95,12.4,103.3,100.122654727217,191.8500061035156,316.5
1985-07-31,0.0,7.4,107.7,54.5396,2429.5,27.329,362000.0,1684.0,10.31,7.08,12.43,103.2,100.090855890488,190.9199981689453,317.2
1985-08-31,0.0,7.1,107.9,54.7055,2444.0,27.755,409000.0,1743.0,10.33,7.14,12.5,102.7,100.062288826228,188.6300048828125,330.4
1985-09-30,0.0,7.1,108.1,54.8906,2456.4,28.289,399000.0,1676.0,10.37,7.1,12.48,102.1,100.042089110519,182.0800018310547,323.35
1985-10-31,0.0,7.1,108.5,54.7199,2468.0,29.538,418000.0,1834.0,10.24,7.16,12.36,102.9,100.036538141469,189.82000732421875,325.85
1985-11-30,0.0,7.0,109.0,54.9124,2477.8,30.813,393000.0,1698.0,9.78,7.24,11.99,103.4,100.051881733719,202.1699981689453,321.5
1985-12-31,0.0,7.0,109.5,55.4412,2492.1,27.228,390000.0,1942.0,9.26,7.1,11.58,103.6,100.08393937297,211.27999877929688,321.9
1986-01-31,0.0,6.7,109.9,55.7481,2502.1,22.945,344000.0,1972.0,9.19,7.07,11.44,103.2,100.110532306804,211.77999877929688,347.48
1986-02-28,0.0,7.2,109.7,55.3568,2512.9,15.442,390000.0,1848.0,8.7,7.06,11.11,101.7,100.119663712003,226.9199981689453,338.89
1986-03-31,0.0,7.2,109.1,54.9625,2533.1,12.618,396000.0,1876.0,7.78,6.56,10.5,100.3,100.112034770468,238.8999938964844,345.7
1986-04-30,0.0,7.1,108.7,55.0413,2557.8,12.847,391000.0,1933.0,7.3,6.06,10.19,99.6,100.096619597092,235.5200042724609,340.44
1986-05-31,0.0,7.2,109.0,55.1226,2584.8,15.444,373000.0,1854.0,7.71,6.15,10.29,100.0,100.078511894323,247.3500061035156,342.4
1986-06-30,0.0,7.2,109.4,54.9005,2605.0,13.469,371000.0,1847.0,7.8,6.21,10.34,99.9,100.046492326356,250.83999633789065,342.7
1986-07-31,0.0,7.0,109.5,55.2592,2626.6,11.575,362000.0,1782.0,7.3,5.83,10.16,99.4,99.9971569031084,236.1199951171875,348.34
1986-08-31,0.0,6.9,109.6,55.1567,2646.5,15.092,401000.0,1807.0,7.17,5.53,10.18,99.3,99.9455827358417,252.92999267578125,376.66
1986-09-30,0.0,7.0,110.0,55.2975,2667.8,14.913,389000.0,1687.0,7.45,5.21,10.2,99.4,99.9009833338789,231.32000732421875,417.73
1986-10-31,0.0,7.0,110.2,55.5332,2687.4,14.852,370000.0,1681.0,7.43,5.18,10.24,99.7,99.8740507662379,243.97999572753903,423.51
1986-11-30,0.0,6.9,110.4,55.7557,2701.3,15.207,366000.0,1623.0,7.25,5.35,10.07,99.8,99.8873857591348,249.22000122070312,397.56
1986-12-31,0.0,6.6,110.8,56.2845,2728.0,16.076,345000.0,1833.0,7.11,5.53,9.97,99.7,99.9675441033843,242.1699981689453,390.92
1987-01-31,0.0,6.6,111.4,56.0882,2743.9,18.656,370000.0,1774.0,7.08,5.43,9.72,100.5,100.124652617063,274.0799865722656,408.26
1987-02-28,0.0,6.6,111.8,56.8275,2747.5,17.726,348000.0,1784.0,7.25,5.59,9.65,101.0,100.335535547042,284.20001220703125,401.12
1987-03-31,0.0,6.6,112.2,56.9098,2753.7,18.305,326000.0,1726.0,7.25,5.59,9.61,101.2,100.555370356193,291.70001220703125,408.91
1987-04-30,0.0,6.3,112.7,57.2701,2767.7,18.643,328000.0,1614.0,8.02,5.64,10.04,101.9,100.75607684236,288.3599853515625,438.35
1987-05-31,0.0,6.3,113.0,57.6322,2772.9,19.415,326000.0,1628.0,8.61,5.66,10.51,102.6,100.921872490624,290.1000061035156,460.23
1987-06-30,0.0,6.2,113.5,57.9307,2774.6,20.034,326000.0,1594.0,8.4,5.67,10.52,103.0,101.037117291982,304.0,449.59
1987-07-31,0.0,6.1,113.8,58.3258,2779.0,21.355,324000.0,1575.0,8.45,5.69,10.61,103.5,101.082860386565,318.6600036621094,450.52
1987-08-31,0.0,6.0,114.3,58.7636,2788.2,20.274,322000.0,1605.0,8.76,6.04,10.8,103.8,101.038182884438,329.79998779296875,461.15
1987-09-30,0.0,5.9,114.7,58.9951,2799.5,19.526,317000.0,1695.0,9.42,6.4,11.31,103.7,100.908251496317,321.8299865722656,460.38
1987-10-31,0.0,6.0,115.0,59.781,2814.8,19.848,289000.0,1515.0,9.52,6.13,11.62,104.1,100.722967378841,251.7899932861328,465.35
1987-11-30,0.0,5.8,115.4,60.0726,2818.9,18.92,306000.0,1656.0,8.86,5.69,11.23,104.2,100.535155592136,230.3000030517578,467.57
1987-12-31,0.0,5.7,115.6,60.4095,2826.4,17.241,316000.0,1400.0,8.99,5.77,11.29,104.2,100.403484059774,247.0800018310547,486.24
1988-01-31,0.0,5.7,116.0,60.3976,2847.4,17.16,342000.0,1271.0,8.67,5.81,11.07,104.6,100.335400979275,257.07000732421875,476.58
1988-02-29,0.0,5.7,116.2,60.7003,2870.4,16.765,319000.0,1473.0,8.21,5.66,10.62,104.8,100.322368515908,267.82000732421875,442.07
1988-03-31,0.0,5.7,116.5,60.8501,2890.7,16.217,304000.0,1532.0,8.37,5.7,10.57,104.9,100.352790849701,258.8900146484375,443.61
1988-04-30,0.0,5.4,117.2,61.2031,2910.7,17.875,313000.0,1573.0,8.72,5.91,10.9,105.8,100.412005680696,261.3299865722656,451.55
1988-05-31,0.0,5.6,117.5,61.0797,2926.0,17.438,313000.0,1421.0,9.09,6.26,11.04,106.5,100.487006870125,262.1600036621094,451.07
1988-06-30,0.0,5.4,118.0,61.2569,2938.4,16.53,307000.0,1478.0,8.92,6.46,11.0,107.2,100.556431953816,273.5,451.33
1988-07-31,0.0,5.4,118.5,61.2659,2947.2,15.498,331000.0,1467.0,9.06,6.73,11.11,107.9,100.598441251687,272.0199890136719,437.63
1988-08-31,0.0,5.6,119.0,61.5731,2952.0,15.524,315000.0,1493.0,9.26,7.06,11.21,108.0,100.617286524335,261.5199890136719,431.28
1988-09-30,0.0,5.4,119.5,61.3807,2956.9,14.467,301000.0,1492.0,8.98,7.24,10.9,108.1,100.622214472136,271.9100036621094,413.46
1988-10-31,0.0,5.4,119.9,61.6453,2965.3,13.798,294000.0,1522.0,8.8,7.35,10.41,108.2,100.621677868739,278.9700012207031,406.78
1988-11-30,0.0,5.3,120.3,61.7944,2980.2,13.977,299000.0,1569.0,8.96,7.76,10.48,108.3,100.615987715042,273.70001220703125,420.17
1988-12-31,0.0,5.3,120.7,62.0743,2988.2,16.266,304000.0,1563.0,9.11,8.07,10.65,109.0,100.597222233646,277.7200012207031,419.05
1989-01-31,0.0,5.4,121.2,62.2574,2991.7,17.983,295000.0,1621.0,9.09,8.27,10.65,110.5,100.542805782529,297.4700012207031,404.01
1989-02-28,0.0,5.2,121.6,61.9819,2992.2,17.826,300000.0,1425.0,9.17,8.53,10.61,110.8,100.434593742888,288.8599853515625,387.51
1989-03-31,0.0,5.0,122.2,62.1369,2999.7,19.445,319000.0,1422.0,9.36,8.82,10.67,111.5,100.279992920927,294.8699951171875,390.15
1989-04-30,0.0,5.2,123.1,62.1276,3006.0,21.04,311000.0,1339.0,9.18,8.65,10.61,112.3,100.105889659978,309.6400146484375,384.4
1989-05-31,0.0,5.2,123.7,61.7744,3011.6,20.032,325000.0,1331.0,8.86,8.43,10.46,113.2,99.9389947455012,320.5199890136719,371.05
1989-06-30,0.0,5.3,124.1,61.7697,3027.9,20.005,338000.0,1397.0,8.28,8.15,10.03,112.9,99.8097882718374,317.9800109863281,367.6
1989-07-31,0.0,5.2,124.5,61.1738,3052.4,19.644,337000.0,1427.0,8.02,7.88,9.87,112.8,99.7304235588736,346.0799865722656,375.04
1989-08-31,0.0,5.2,124.5,61.7732,3074.4,18.522,332000.0,1332.0,8.11,7.9,9.88,112.0,99.6992629006823,351.45001220703125,365.14
1989-09-30,0.0,5.3,124.8,61.5796,3092.5,19.594,347000.0,1279.0,8.19,7.75,9.91,112.4,99.7014882671234,349.1499938964844,361.75
1989-10-31,0.0,5.3,125.4,61.4966,3114.1,20.091,354000.0,1410.0,8.01,7.64,9.81,112.8,99.7157377406766,340.3599853515625,366.88
1989-11-30,0.0,5.4,125.9,61.7044,3133.3,19.82,342000.0,1351.0,7.87,7.69,9.81,112.7,99.7394217423627,345.989990234375,394.26
1989-12-31,0.0,5.4,126.3,62.0428,3152.5,21.088,358000.0,1251.0,7.84,7.63,9.82,113.0,99.7695305866527,353.3999938964844,409.39
1990-01-31,0.0,5.4,127.5,61.729,3166.8,22.641,345000.0,1551.0,8.21,7.64,9.94,114.9,99.8034438093979,329.0799865722656,410.11
1990-02-28,0.0,5.3,128.0,62.2896,3179.2,22.108,350000.0,1437.0,8.47,7.74,10.14,114.4,99.8335002383502,331.8900146484375,416.81
1990-03-31,0.0,5.2,128.6,62.5999,3190.1,20.418,346000.0,1289.0,8.59,7.9,10.21,114.2,99.8325176444602,339.94000244140625,393.06
1990-04-30,0.0,5.4,128.9,62.4359,3201.6,18.582,363000.0,1248.0,8.79,7.77,10.3,114.1,99.7572325950968,330.79998779296875,374.24
1990-05-31,0.0,5.4,129.1,62.6258,3200.6,18.237,359000.0,1212.0,8.76,7.74,10.41,114.6,99.5861172242477,361.2300109863281,369.05
1990-06-30,0.0,5.2,129.9,62.8382,3213.7,16.871,364000.0,1177.0,8.48,7.73,10.22,114.3,99.2995388832604,358.0199890136719,352.33
1990-07-31,0.0,5.5,130.5,62.7284,3224.5,18.638,369000.0,1171.0,8.47,7.62,10.2,114.5,98.9032861849877,356.1499938964844,362.53
1990-08-31,1.0,5.7,131.6,62.9475,3242.0,27.174,394000.0,1115.0,8.75,7.45,10.41,116.5,98.4285916911095,322.5599975585937,394.73
1990-09-30,1.0,5.9,132.5,62.9523,3254.6,33.687,404000.0,1110.0,8.89,7.36,10.64,118.4,97.9481544266869,306.04998779296875,389.32
1990-10-31,1.0,5.9,133.4,62.5845,3259.3,35.922,440000.0,1014.0,8.72,7.17,10.74,120.8,97.5310338304497,304.0,380.74
1990-11-30,1.0,6.2,133.7,61.7887,3262.6,32.3,462000.0,1145.0,8.39,7.06,10.62,120.1,97.2426011576446,322.2200012207031,381.73
1990-12-31,1.0,6.3,134.2,61.3352,3271.8,27.337,454000.0,969.0,8.08,6.74,10.43,118.7,97.128144707553,330.2200012207031,376.95
1991-01-31,1.0,6.4,134.7,61.1355,3287.7,24.959,462000.0,798.0,8.09,6.22,10.45,119.0,97.1874652520107,343.92999267578125,383.64
1991-02-28,1.0,6.6,134.8,60.6838,3304.5,20.523,499000.0,965.0,7.85,5.94,10.07,117.2,97.4037109424359,367.0700073242188,363.83
1991-03-31,1.0,6.8,134.8,60.3346,3321.9,19.86,499000.0,921.0,8.11,5.91,10.09,116.2,97.7250070121548,375.2200012207031,363.34
1991-04-30,0.0,6.7,135.1,60.4938,3332.4,20.823,462000.0,1001.0,8.04,5.65,9.94,116.0,98.0910193705169,375.3399963378906,358.38
1991-05-31,0.0,6.9,135.6,61.0633,3343.0,21.24,443000.0,996.0,8.07,5.46,9.86,116.5,98.458875092344,389.8299865722656,356.95
1991-06-30,0.0,6.9,136.0,61.5581,3351.9,20.195,418000.0,1036.0,8.28,5.57,9.96,116.4,98.7953931678157,371.1600036621094,366.72
1991-07-31,0.0,6.8,136.2,61.7305,3356.1,21.42,423000.0,1063.0,8.27,5.58,9.89,116.1,99.0534587285181,387.80999755859375,367.69
1991-08-31,0.0,6.9,136.6,61.7298,3355.0,21.688,425000.0,1049.0,7.9,5.33,9.65,116.2,99.1941260130877,395.4299926757813,356.31
1991-09-30,0.0,6.9,137.0,62.2195,3354.9,21.857,437000.0,1015.0,7.65,5.22,9.51,116.1,99.2239061588958,387.8599853515625,348.74
1991-10-31,0.0,7.0,137.2,62.1855,3360.1,23.228,423000.0,1079.0,7.53,4.99,9.49,116.4,99.1753644628242,392.4500122070313,358.69
1991-11-30,0.0,7.0,137.8,62.0871,3365.5,22.465,444000.0,1103.0,7.42,4.56,9.45,116.4,99.102703400446,375.2200012207031,360.17
1991-12-31,0.0,7.3,138.2,61.7852,3372.2,19.517,441000.0,1079.0,7.09,4.07,9.26,115.9,99.069472552396,417.0899963378906,361.73
1992-01-31,0.0,7.3,138.3,61.4616,3381.2,18.82,441000.0,1176.0,7.03,3.8,9.13,115.6,99.1201730107768,408.7799987792969,354.45
1992-02-29,0.0,7.4,138.6,61.8955,3400.0,18.995,444000.0,1250.0,7.34,3.84,9.23,116.0,99.2462084062516,412.7000122070313,353.91
1992-03-31,0.0,7.4,139.1,62.4232,3403.9,18.916,420000.0,1297.0,7.54,4.04,9.25,116.1,99.4157414538085,403.6900024414063,344.34
1992-04-30,0.0,7.4,139.4,62.897,3399.7,20.243,424000.0,1099.0,7.48,3.75,9.21,116.3,99.5693470362524,414.9500122070313,338.62
1992-05-31,0.0,7.6,139.7,63.104,3398.6,20.94,411000.0,1214.0,7.39,3.63,9.13,117.2,99.666600673893,415.3500061035156,337.24
1992-06-30,0.0,7.8,140.1,63.1363,3393.4,22.375,420000.0,1145.0,7.26,3.66,9.05,118.0,99.6956589560014,408.1400146484375,340.81
1992-07-31,0.0,7.7,140.5,63.7176,3393.9,21.759,564000.0,1139.0,6.84,3.21,8.84,117.9,99.6846116465333,424.2099914550781,352.72
1992-08-31,0.0,7.6,140.8,63.3613,3398.8,21.35,408000.0,1226.0,6.59,3.13,8.65,117.7,99.6741668470496,414.0299987792969,343.06
1992-09-30,0.0,7.6,141.1,63.5703,3410.3,21.902,409000.0,1186.0,6.42,2.91,8.62,118.0,99.7072446029762,417.7999877929688,345.43
1992-10-31,0.0,7.3,141.7,63.9995,3423.8,21.688,365000.0,1244.0,6.59,2.86,8.84,118.1,99.8077802011667,418.6799926757813,344.38
1992-11-30,0.0,7.4,142.1,64.2422,3426.5,20.342,341000.0,1214.0,6.87,3.13,8.96,117.8,99.9534348872784,431.3500061035156,335.02
1992-12-31,0.0,7.4,142.3,64.3507,3424.7,19.407,313000.0,1227.0,6.77,3.22,8.81,117.6,100.084088690731,435.7099914550781,334.82
1993-01-31,0.0,7.3,142.8,64.5978,3419.1,19.075,340000.0,1210.0,6.6,3.0,8.67,118.0,100.147693324829,438.7799987792969,329.01
1993-02-28,0.0,7.1,143.1,64.9089,3414.5,20.053,362000.0,1210.0,6.26,2.93,8.39,118.4,100.130837552723,443.3800048828125,329.31
1993-03-31,0.0,7.0,143.3,64.8522,3411.7,20.347,366000.0,1083.0,5.98,2.95,8.15,118.7,100.039853859713,451.6700134277344,330.08
1993-04-30,0.0,7.1,143.8,65.0301,3411.3,20.27,350000.0,1258.0,5.97,2.87,8.14,119.3,99.9061665450916,440.1900024414063,342.15
1993-05-31,0.0,7.1,144.2,64.784,3436.9,19.94,349000.0,1260.0,6.04,2.96,8.21,119.7,99.7507312450416,450.1900024414063,367.18
1993-06-30,0.0,7.0,144.3,64.9301,3442.4,19.07,340000.0,1280.0,5.96,3.07,8.07,119.5,99.620217621138,450.5299987792969,371.89
1993-07-31,0.0,6.9,144.5,65.1052,3442.0,17.866,356000.0,1254.0,5.81,3.04,7.93,119.2,99.5492841865125,448.1300048828125,392.19
1993-08-31,0.0,6.8,144.8,65.0267,3445.7,18.009,337000.0,1300.0,5.68,3.02,7.6,118.7,99.5635219486477,463.55999755859375,378.84
1993-09-30,0.0,6.7,145.0,65.3717,3452.2,17.514,343000.0,1343.0,5.36,2.95,7.34,118.7,99.6688414289066,458.9299926757813,355.28
1993-10-31,0.0,6.8,145.6,65.8509,3456.7,18.145,348000.0,1392.0,5.33,3.02,7.31,119.1,99.8553424802022,467.8299865722656,364.18
1993-11-30,0.0,6.6,146.0,66.1518,3470.1,16.699,337000.0,1376.0,5.72,3.1,7.66,119.0,100.09210472864,461.7900085449219,373.83
1993-12-31,0.0,6.5,146.3,66.5436,3474.5,14.51,290000.0,1533.0,5.77,3.06,7.69,118.6,100.354093040256,466.4500122070313,383.3
1994-01-31,0.0,6.6,146.3,66.7351,3474.9,15.0,406000.0,1272.0,5.75,2.98,7.65,119.1,100.599388596096,481.6099853515625,386.88
1994-02-28,0.0,6.6,146.7,66.774,3475.7,14.78,327000.0,1337.0,5.97,3.25,7.76,119.3,100.799385006468,467.1400146484375,381.91
1994-03-31,0.0,6.5,147.1,67.4552,3480.1,14.66,322000.0,1564.0,6.48,3.5,8.13,119.7,100.9483418038,445.7699890136719,384.13
1994-04-30,0.0,6.4,147.2,67.8541,3481.3,16.38,344000.0,1465.0,6.97,3.68,8.52,119.7,101.042530341683,450.9100036621094,377.27
1994-05-31,0.0,6.1,147.5,68.1663,3490.8,17.88,348000.0,1526.0,7.18,4.14,8.62,119.9,101.08453985877,456.5,381.43
1994-06-30,0.0,6.1,147.9,68.6265,3479.5,19.07,341000.0,1409.0,7.1,4.14,8.65,120.5,101.080391101938,444.2699890136719,385.64
1994-07-31,0.0,6.1,148.4,68.7178,3488.2,19.65,332000.0,1439.0,7.3,4.33,8.8,120.7,101.044535194834,458.260009765625,385.49
1994-08-31,0.0,6.0,149.0,69.1785,3485.7,18.38,341000.0,1450.0,7.24,4.48,8.74,121.2,100.991962391376,475.489990234375,380.36
1994-09-30,0.0,5.9,149.3,69.3961,3486.1,17.46,325000.0,1474.0,7.46,4.62,8.98,121.0,100.92375183182,462.7099914550781,391.58
1994-10-31,0.0,5.8,149.4,69.9544,3484.3,17.71,331000.0,1450.0,7.74,4.95,9.2,120.9,100.832325784188,472.3500061035156,389.77
1994-11-30,0.0,5.6,149.8,70.4326,3487.2,18.1,329000.0,1511.0,7.96,5.29,9.32,121.5,100.694808998357,453.6900024414063,384.39
1994-12-31,0.0,5.5,150.1,71.1523,3486.4,17.16,319000.0,1455.0,7.81,5.6,9.1,121.9,100.500203275462,459.2699890136719,379.29
1995-01-31,0.0,5.6,150.5,71.2734,3492.4,17.99,324000.0,1407.0,7.78,5.71,9.08,122.9,100.243512303256,470.4200134277344,378.55
1995-02-28,0.0,5.4,150.9,71.193,3489.9,18.53,336000.0,1316.0,7.47,5.77,8.85,123.5,99.9270023806266,487.3900146484375,376.64
1995-03-31,0.0,5.4,151.2,71.3113,3491.1,18.55,332000.0,1249.0,7.2,5.73,8.7,123.9,99.5817730956464,500.7099914550781,382.12
1995-04-30,0.0,5.8,151.8,71.1882,3499.2,19.87,365000.0,1267.0,7.06,5.65,8.6,124.6,99.2606320544366,514.7100219726562,391.03
1995-05-31,0.0,5.6,152.1,71.5378,3524.2,19.74,374000.0,1314.0,6.63,5.67,8.2,124.9,99.0069272244391,533.4000244140625,385.22
1995-06-30,0.0,5.6,152.4,71.7749,3548.9,18.42,358000.0,1281.0,6.17,5.47,7.9,125.3,98.8378623598693,544.75,387.56
1995-07-31,0.0,5.7,152.6,71.4748,3567.4,17.3,351000.0,1461.0,6.28,5.42,8.04,125.3,98.740301909832,562.0599975585938,386.23
1995-08-31,0.0,5.7,152.9,72.4223,3589.0,18.03,359000.0,1416.0,6.49,5.4,8.19,125.1,98.6797170144179,561.8800048828125,383.67
1995-09-30,0.0,5.6,153.1,72.7144,3602.1,18.23,355000.0,1369.0,6.2,5.28,7.93,125.2,98.6274951173559,584.4099731445312,383.06
1995-10-31,0.0,5.5,153.5,72.5866,3613.4,17.44,377000.0,1369.0,6.04,5.28,7.75,125.3,98.5835927076086,581.5,383.14
1995-11-30,0.0,5.6,153.7,72.7779,3619.9,17.99,379000.0,1452.0,5.93,5.36,7.68,125.4,98.5627345805133,605.3699951171875,385.31
1995-12-31,0.0,5.6,153.9,73.0305,3629.5,19.04,359000.0,1431.0,5.71,5.14,7.49,125.7,98.5797382207907,615.9299926757812,387.44
1996-01-31,0.0,5.6,154.7,72.6125,3647.9,18.88,387000.0,1467.0,5.65,5.0,7.47,126.3,98.6464470295347,636.02001953125,399.45
1996-02-29,0.0,5.5,155.0,73.6752,3661.8,19.07,365000.0,1491.0,5.81,4.83,7.63,126.2,98.7706194756652,640.4299926757812,404.76
1996-03-31,0.0,5.5,155.5,73.585,3686.9,21.36,393000.0,1424.0,6.27,4.96,8.03,126.4,98.9395838773638,645.5,396.21
1996-04-30,0.0,5.6,156.1,74.3172,3697.7,23.57,343000.0,1516.0,6.51,4.95,8.19,127.4,99.1178673204652,654.1699829101562,392.85
1996-05-31,0.0,5.6,156.4,74.8726,3709.6,21.25,343000.0,1504.0,6.74,5.02,8.3,128.1,99.284336908337,669.1199951171875,391.93
1996-06-30,0.0,5.3,156.7,75.4433,3722.5,20.45,337000.0,1467.0,6.91,5.09,8.4,128.0,99.4191204579666,670.6300048828125,385.27
1996-07-31,0.0,5.5,157.0,75.4549,3737.1,21.32,327000.0,1472.0,6.87,5.15,8.35,128.0,99.513060514893,639.9500122070312,383.47
1996-08-31,0.0,5.1,157.2,75.8411,3744.0,21.96,329000.0,1557.0,6.64,5.05,8.18,128.3,99.5873202969146,651.989990234375,387.35
1996-09-30,0.0,5.2,157.7,76.3158,3753.4,23.99,348000.0,1475.0,6.83,5.09,8.35,128.2,99.6579928761351,687.3300170898438,383.14
1996-10-31,0.0,5.2,158.2,76.3384,3772.8,24.9,352000.0,1392.0,6.53,4.99,8.07,128.0,99.7301549213075,705.27001953125,381.07
1996-11-30,0.0,5.4,158.7,77.0397,3795.1,23.71,332000.0,1489.0,6.2,5.03,7.79,128.2,99.8121472758837,757.02001953125,377.85
1996-12-31,0.0,5.4,159.1,77.5333,3818.6,25.39,357000.0,1370.0,6.3,4.91,7.89,129.1,99.9002292273914,740.739990234375,369.0
1997-01-31,0.0,5.3,159.4,77.6562,3834.6,25.17,340000.0,1355.0,6.58,5.03,8.09,129.7,100.003468310403,786.1599731445312,355.11
1997-02-28,0.0,5.2,159.7,78.5833,3846.3,22.21,322000.0,1486.0,6.42,5.01,7.94,128.5,100.130127536125,790.8200073242188,346.58
1997-03-31,0.0,5.2,159.8,79.082,3861.2,20.99,325000.0,1457.0,6.69,5.14,8.18,127.3,100.266733137381,757.1199951171875,351.81
1997-04-30,0.0,5.1,159.9,79.1747,3877.0,19.72,337000.0,1492.0,6.89,5.16,8.34,127.0,100.408610747271,801.3400268554688,344.47
1997-05-31,0.0,4.9,159.9,79.6133,3889.2,20.83,321000.0,1442.0,6.71,5.05,8.2,127.4,100.550764360187,848.280029296875,343.84
1997-06-30,0.0,5.0,160.2,79.9792,3906.0,19.17,322000.0,1494.0,6.49,4.93,8.02,127.2,100.687213401268,885.1400146484375,340.76
1997-07-31,0.0,4.9,160.4,80.6624,3923.9,19.63,306000.0,1437.0,6.22,5.05,7.75,126.9,100.806748660913,954.3099975585938,324.1
1997-08-31,0.0,4.8,160.8,81.4694,3957.4,19.93,332000.0,1390.0,6.3,5.14,7.82,127.2,100.892694839781,899.469970703125,324.01
1997-09-30,0.0,4.9,161.2,82.2156,3973.1,19.79,317000.0,1546.0,6.21,4.95,7.7,127.5,100.950091069732,947.280029296875,322.82
1997-10-31,0.0,4.7,161.5,82.9446,3992.3,21.26,306000.0,1520.0,6.03,4.97,7.57,127.8,100.980261069872,914.6199951171876,324.87
1997-11-30,0.0,4.6,161.7,83.5978,4014.8,20.17,318000.0,1510.0,5.88,5.14,7.42,127.9,100.977722336757,955.4000244140624,306.04
1997-12-31,0.0,4.7,161.8,83.9538,4032.9,18.32,303000.0,1566.0,5.81,5.16,7.32,126.8,100.941550443298,970.4299926757812,288.74
1998-01-31,0.0,4.6,162.0,84.3218,4056.2,16.71,315000.0,1525.0,5.54,5.04,7.19,125.4,100.889628692752,980.280029296875,289.1
1998-02-28,0.0,4.6,162.0,84.4583,4088.9,16.06,317000.0,1584.0,5.57,5.09,7.25,125.0,100.822247290498,1049.3399658203125,297.49
1998-03-31,0.0,4.7,162.0,84.488,4114.3,15.02,312000.0,1567.0,5.65,5.03,7.32,124.7,100.72117550369,1101.75,295.94
1998-04-30,0.0,4.3,162.2,84.7779,4140.2,15.44,311000.0,1540.0,5.64,4.95,7.33,124.9,100.583295779179,1111.75,308.29
1998-05-31,0.0,4.4,162.6,85.3367,4164.4,14.86,322000.0,1536.0,5.65,5.0,7.3,125.1,100.409884417687,1090.8199462890625,299.1
1998-06-30,0.0,4.5,162.8,84.8248,4184.1,13.66,376000.0,1641.0,5.5,4.98,7.13,124.8,100.212520702955,1133.8399658203125,292.32
1998-07-31,0.0,4.5,163.2,84.4986,4203.8,14.08,335000.0,1698.0,5.46,4.96,7.15,124.9,100.022143848176,1120.6700439453125,292.87
1998-08-31,0.0,4.5,163.4,86.248,4228.7,13.36,310000.0,1614.0,5.34,4.9,7.14,124.2,99.8629063152276,957.280029296875,284.11
1998-09-30,0.0,4.6,163.5,86.2021,4267.7,14.95,294000.0,1582.0,4.81,4.61,7.09,123.8,99.7670784521845,1017.010009765625,288.98
1998-10-31,0.0,4.5,163.9,86.7914,4307.9,14.39,308000.0,1715.0,4.53,3.96,7.18,124.0,99.7690660468752,1098.6700439453125,295.93
1998-11-30,0.0,4.4,164.1,86.7256,4346.6,12.85,310000.0,1660.0,4.83,4.41,7.34,123.6,99.8720125971605,1163.6300048828125,294.12
1998-12-31,0.0,4.4,164.4,87.1185,4375.6,11.28,336000.0,1792.0,4.65,4.39,7.23,122.8,100.039335882521,1229.22998046875,291.68
1999-01-31,0.0,4.3,164.7,87.4949,4403.0,12.47,305000.0,1748.0,4.72,4.34,7.29,122.9,100.245760471218,1279.6400146484375,287.08
1999-02-28,0.0,4.4,164.7,88.027,4425.8,12.01,301000.0,1670.0,5.0,4.44,7.39,122.3,100.455873823103,1238.3299560546875,287.33
1999-03-31,0.0,4.2,164.8,88.2267,4432.6,14.66,298000.0,1710.0,5.23,4.44,7.53,122.6,100.645041065953,1286.3699951171875,285.96
1999-04-30,0.0,4.3,165.9,88.4295,4461.4,17.34,291000.0,1553.0,5.18,4.29,7.48,123.6,100.810720670536,1335.1800537109375,282.62
1999-05-31,0.0,4.2,166.0,88.9886,4486.1,17.75,303000.0,1611.0,5.54,4.5,7.72,124.7,100.952648968987,1301.8399658203125,276.44
1999-06-30,0.0,4.3,166.0,88.9188,4508.0,17.89,291000.0,1559.0,5.9,4.57,8.02,125.2,101.060481818067,1372.7099609375,261.31
1999-07-31,0.0,4.3,166.7,89.4333,4535.4,20.07,300000.0,1669.0,5.79,4.55,7.95,125.7,101.137635328465,1328.719970703125,256.08
1999-08-31,0.0,4.2,167.1,89.7924,4552.7,21.26,290000.0,1648.0,5.94,4.72,8.15,126.9,101.193598873144,1320.4100341796875,256.69
1999-09-30,0.0,4.2,167.8,89.4299,4568.8,23.88,306000.0,1635.0,5.92,4.68,8.2,128.0,101.242569417469,1282.7099609375,264.74
1999-10-31,0.0,4.1,168.1,90.523,4592.7,22.64,285000.0,1608.0,6.11,4.86,8.38,127.7,101.292781248027,1362.9300537109375,310.72
1999-11-30,0.0,4.1,168.4,90.9618,4611.8,24.97,288000.0,1648.0,6.03,5.07,8.15,128.3,101.344732818287,1388.9100341796875,293.18
1999-12-31,0.0,4.0,168.8,91.6634,4639.3,26.08,268000.0,1708.0,6.28,5.2,8.19,127.8,101.380395770554,1469.25,283.07
2000-01-31,0.0,4.0,169.3,91.538,4667.6,27.18,285000.0,1636.0,6.66,5.32,8.33,128.3,101.373541346049,1394.4599609375,284.32
2000-02-29,0.0,4.1,170.0,91.8239,4680.9,29.35,280000.0,1737.0,6.52,5.55,8.29,129.8,101.308097058981,1366.4200439453125,299.86
2000-03-31,0.0,4.0,171.0,92.1504,4711.7,29.89,272000.0,1604.0,6.26,5.69,8.37,130.8,101.211885648183,1498.5799560546875,286.39
2000-04-30,0.0,3.8,170.9,92.6989,4767.8,25.74,291000.0,1626.0,5.99,5.66,8.4,130.7,101.093695741181,1452.4300537109375,279.69
2000-05-31,0.0,4.0,171.2,92.9499,4755.7,28.78,280000.0,1575.0,6.44,5.79,8.9,131.6,100.94795953813,1420.5999755859375,275.19
2000-06-30,0.0,4.0,172.2,92.9862,4773.6,31.83,296000.0,1559.0,6.1,5.69,8.48,133.8,100.783649768716,1454.5999755859375,285.73
2000-07-31,0.0,4.0,172.7,92.8048,4791.3,29.77,298000.0,1463.0,6.05,5.96,8.35,133.7,100.601248452084,1430.8299560546875,281.59
2000-08-31,0.0,4.1,172.7,92.5521,4819.5,31.22,312000.0,1541.0,5.83,6.09,8.26,132.9,100.386579428226,1517.6800537109375,278.29998779296875
2000-09-30,0.0,3.9,173.6,92.9792,4855.2,33.88,292000.0,1507.0,5.8,6.0,8.35,134.7,100.136611143258,1436.510009765625,273.6000061035156
2000-10-31,0.0,3.9,173.9,92.6179,4871.3,33.08,301000.0,1549.0,5.74,6.11,8.34,135.4,99.8348209833605,1429.4000244140625,270.0
2000-11-30,0.0,3.9,174.2,92.6438,4882.7,34.4,356000.0,1551.0,5.72,6.17,8.28,135.0,99.4914768340372,1314.949951171875,270.1000061035156
2000-12-31,0.0,3.9,174.6,92.3415,4927.6,28.46,353000.0,1532.0,5.24,5.77,8.02,136.2,99.1219009194945,1320.280029296875,272.0
2001-01-31,0.0,4.2,175.6,91.902,4978.3,29.58,362000.0,1600.0,5.16,5.15,7.93,140.0,98.7848799004584,1366.010009765625,265.6000061035156
2001-02-28,0.0,4.2,176.0,91.3034,5017.0,29.61,386000.0,1625.0,5.1,4.88,7.87,137.4,98.5265315901004,1239.93994140625,266.79998779296875
2001-03-31,0.0,4.3,176.1,91.1162,5074.8,27.24,388000.0,1590.0,4.89,4.42,7.84,135.9,98.3594922867725,1160.3299560546875,257.8999938964844
2001-04-30,1.0,4.4,176.4,90.7891,5139.1,27.41,406000.0,1649.0,5.14,3.87,8.07,136.4,98.2754838202085,1249.4599609375,260.48
2001-05-31,1.0,4.3,177.3,90.3555,5137.2,28.64,405000.0,1605.0,5.39,3.62,8.07,136.8,98.2491826998574,1255.8199462890625,265.29998779296875
2001-06-30,1.0,4.5,177.7,89.8784,5180.1,27.6,394000.0,1636.0,5.28,3.49,7.97,135.5,98.22601437281,1224.3800048828125,270.6000061035156
2001-07-31,1.0,4.6,177.4,89.3028,5210.0,26.45,388000.0,1670.0,5.24,3.51,7.97,133.4,98.1815496090881,1211.22998046875,267.53
2001-08-31,1.0,4.9,177.4,89.2003,5243.8,27.47,395000.0,1567.0,4.97,3.36,7.85,133.4,98.1188267597713,1133.5799560546875,274.3999938964844
2001-09-30,1.0,5.0,178.1,88.7485,5355.1,25.88,517000.0,1562.0,4.73,2.64,8.03,133.3,98.0781479565721,1040.93994140625,292.3999938964844
2001-10-31,1.0,5.3,177.6,88.5052,5343.8,22.21,483000.0,1540.0,4.57,2.16,7.91,130.3,98.1290216437146,1059.780029296875,279.5
2001-11-30,1.0,5.5,177.5,87.97,5387.5,19.67,491000.0,1602.0,4.65,1.87,7.81,129.8,98.2972673253563,1139.449951171875,273.8999938964844
2001-12-31,0.0,5.7,177.4,87.9324,5440.5,19.33,421000.0,1568.0,5.09,1.69,8.05,128.1,98.5618227985108,1148.0799560546875,278.70001220703125
2002-01-31,0.0,5.7,177.7,88.5176,5460.9,19.67,414000.0,1698.0,5.04,1.65,7.87,128.5,98.868289574637,1130.199951171875,282.1000061035156
2002-02-28,0.0,5.7,178.0,88.5278,5490.2,20.74,398000.0,1829.0,4.91,1.72,7.89,128.4,99.1588348948006,1106.72998046875,296.70001220703125
2002-03-31,0.0,5.7,178.5,89.1686,5502.0,24.42,479000.0,1642.0,5.28,1.79,8.11,129.8,99.3771472330294,1147.3900146484375,302.6000061035156
2002-04-30,0.0,5.9,179.3,89.604,5502.1,26.27,414000.0,1592.0,5.21,1.71,8.03,130.8,99.4676543491644,1076.9200439453125,308.8999938964844
2002-05-31,0.0,5.8,179.5,89.964,5528.3,27.02,403000.0,1764.0,5.16,1.73,8.09,130.8,99.4107793584207,1067.1400146484375,326.5
2002-06-30,0.0,5.8,179.6,90.7061,5553.3,25.52,386000.0,1717.0,4.93,1.7,7.95,130.9,99.2152266790151,989.8200073242188,313.5
2002-07-31,0.0,5.8,180.0,90.6769,5596.0,26.94,390000.0,1655.0,4.65,1.68,7.9,131.2,98.9335928591113,911.6199951171876,303.20001220703125
2002-08-31,0.0,5.7,180.5,90.5762,5638.3,28.38,394000.0,1633.0,4.26,1.62,7.58,131.5,98.6328011790505,916.0700073242188,312.3999938964844
2002-09-30,0.0,5.7,180.8,90.6531,5662.3,29.67,409000.0,1804.0,3.87,1.63,7.4,132.3,98.3535879529899,815.280029296875,319.14
2002-10-31,0.0,5.7,181.2,90.4643,5707.1,28.85,409000.0,1648.0,3.94,1.58,7.73,133.2,98.1336990205794,885.760009765625,318.0
2002-11-30,0.0,5.9,181.5,90.9711,5758.1,26.27,377000.0,1753.0,4.05,1.23,7.62,133.1,97.9881673243625,936.3099975585938,316.79998779296875
2002-12-31,0.0,6.0,181.8,90.4652,5779.4,29.42,409000.0,1788.0,4.03,1.19,7.45,132.9,97.8903047219937,879.8200073242188,331.92
2003-01-31,0.0,5.8,182.6,91.2361,5812.1,32.94,407000.0,1853.0,4.05,1.17,7.35,135.3,97.8188091028254,855.7000122070312,368.2999877929688
2003-02-28,0.0,5.9,183.6,91.3445,5848.2,35.87,421000.0,1629.0,3.9,1.17,7.06,137.6,97.7843007852929,841.1500244140625,350.20001220703125
2003-03-31,0.0,5.9,183.9,91.1044,5868.4,33.55,436000.0,1726.0,3.81,1.13,6.95,141.2,97.8190922459015,848.1799926757812,335.8999938964844
2003-04-30,0.0,6.0,183.2,90.5617,5905.5,28.25,444000.0,1643.0,3.96,1.13,6.85,136.8,97.9506725392853,916.9199829101562,339.1000061035156
2003-05-31,0.0,6.1,182.9,90.537,5965.3,28.14,431000.0,1751.0,3.57,1.07,6.38,136.7,98.1734732938059,963.5900268554688,364.5
2003-06-30,0.0,6.3,183.1,90.6527,6002.2,30.72,429000.0,1867.0,3.33,0.92,6.19,138.0,98.4608821351471,974.5,356.352
2003-07-31,0.0,6.2,183.7,91.1185,6049.1,30.76,398000.0,1897.0,3.98,0.9,6.62,137.7,98.7983119680268,990.3099975585938,354.0
2003-08-31,0.0,6.1,184.5,90.9197,6107.1,31.59,407000.0,1833.0,4.45,0.95,7.01,138.0,99.1745011019785,1008.010009765625,375.7000122070313
2003-09-30,0.0,6.1,185.1,91.5059,6079.7,28.29,387000.0,1939.0,4.27,0.94,6.79,138.5,99.5773391283609,995.969970703125,385.3999938964844
2003-10-31,0.0,6.0,184.9,91.6186,6070.0,30.33,379000.0,1967.0,4.29,0.92,6.73,139.3,99.9850796941406,1050.7099609375,384.5
2003-11-30,0.0,5.8,185.0,92.2329,6075.5,31.09,357000.0,2083.0,4.3,0.93,6.66,138.9,100.364450252789,1058.199951171875,396.7999877929688
2003-12-31,0.0,5.7,185.5,92.2602,6073.8,32.15,349000.0,2057.0,4.27,0.9,6.6,139.5,100.682264455787,1111.9200439453125,415.7000122070313
2004-01-31,0.0,5.7,186.3,92.4006,6082.1,34.27,376000.0,1911.0,4.15,0.88,6.44,141.4,100.921525149283,1131.1300048828125,402.2000122070313
2004-02-29,0.0,5.6,186.7,92.958,6121.8,34.74,348000.0,1846.0,4.08,0.93,6.27,142.1,101.065197053822,1144.93994140625,404.878
2004-03-31,0.0,5.8,187.1,92.5861,6157.9,36.76,340000.0,1998.0,3.83,0.94,6.11,143.1,101.132157330656,1126.2099609375,427.2999877929688
2004-04-30,0.0,5.6,187.4,92.93,6198.9,36.69,339000.0,2003.0,4.35,0.94,6.46,144.8,101.134413635497,1107.300048828125,387.0
2004-05-31,0.0,5.6,188.2,93.6013,6275.7,40.28,337000.0,1981.0,4.72,1.02,6.75,146.8,101.09177140584,1120.6800537109375,394.0
2004-06-30,0.0,5.6,188.9,92.871,6277.9,38.02,348000.0,1828.0,4.73,1.27,6.78,147.2,101.013793209221,1140.8399658203125,392.6000061035156
2004-07-31,0.0,5.5,189.1,93.5649,6291.1,40.69,341000.0,2002.0,4.5,1.33,6.62,147.4,100.906933315455,1101.719970703125,391.0
2004-08-31,0.0,5.4,189.2,93.6277,6317.8,44.94,352000.0,2024.0,4.28,1.48,6.46,148.0,100.787926144678,1104.239990234375,400.51
2004-09-30,0.0,5.4,189.8,93.7467,6352.2,45.95,351000.0,1905.0,4.13,1.65,6.27,147.7,100.684003899202,1114.5799560546875,418.7000122070313
2004-10-31,0.0,5.5,190.8,94.5465,6379.8,53.13,332000.0,2072.0,4.1,1.76,6.21,150.0,100.613774664719,1130.199951171875,428.5
2004-11-30,0.0,5.4,191.7,94.7813,6406.3,48.46,335000.0,1782.0,4.19,2.07,6.2,151.4,100.585871729211,1173.8199462890625,451.2999877929688
2004-12-31,0.0,5.4,191.7,95.5365,6424.5,43.33,320000.0,2042.0,4.23,2.19,6.15,150.2,100.57359433804,1211.9200439453125,437.5
2005-01-31,0.0,5.3,191.6,95.8801,6430.8,46.84,331000.0,2144.0,4.22,2.33,6.02,150.9,100.541179790801,1181.27001953125,421.7999877929688
2005-02-28,0.0,5.4,192.4,96.5761,6438.9,47.97,314000.0,2207.0,4.17,2.54,5.82,151.6,100.482149719574,1203.5999755859375,436.5
2005-03-31,0.0,5.2,193.1,96.4456,6448.3,54.31,342000.0,1864.0,4.5,2.74,6.06,153.7,100.407873350453,1180.5899658203125,428.7000122070313
2005-04-30,0.0,5.2,193.7,96.6532,6461.8,53.04,334000.0,2061.0,4.34,2.78,6.05,155.0,100.35452689198,1156.8499755859375,435.0
2005-05-31,0.0,5.1,193.6,96.7402,6479.0,49.83,340000.0,2025.0,4.14,2.84,6.01,154.3,100.347572780963,1191.5,421.873
2005-06-30,0.0,5.0,193.7,97.1753,6511.7,56.26,311000.0,2068.0,4.0,2.97,5.86,154.3,100.384096209462,1191.3299560546875,435.8999938964844
2005-07-31,0.0,5.0,194.9,96.8676,6543.5,58.7,316000.0,2054.0,4.18,3.22,5.95,156.3,100.437793516767,1234.1800537109375,429.8999938964844
2005-08-31,0.0,4.9,196.1,97.1833,6576.3,64.97,318000.0,2095.0,4.26,3.44,5.96,157.6,100.509458171677,1220.3299560546875,433.7999877929688
2005-09-30,0.0,5.0,198.8,95.3005,6610.1,65.57,359000.0,2151.0,4.2,3.42,6.03,162.2,100.614648260684,1228.81005859375,469.0
2005-10-31,0.0,5.0,199.1,96.4572,6643.9,62.37,322000.0,2065.0,4.46,3.71,6.3,166.2,100.765285375729,1207.010009765625,465.1000061035156
2005-11-30,0.0,5.0,198.1,97.5414,6660.7,58.3,311000.0,2147.0,4.54,3.88,6.39,163.7,100.947038556726,1249.47998046875,494.6000061035156
2005-12-31,0.0,4.9,198.1,98.0452,6687.8,59.43,302000.0,1994.0,4.47,3.89,6.32,163.0,101.120665193934,1248.2900390625,517.0999755859375
2006-01-31,0.0,4.7,199.3,98.1999,6730.1,65.51,282000.0,2273.0,4.42,4.24,6.24,164.3,101.255705841172,1280.0799560546875,549.864
2006-02-28,0.0,4.8,199.4,98.2413,6754.7,61.63,293000.0,2119.0,4.57,4.43,6.27,161.8,101.342631224985,1280.6600341796875,561.5999755859375
2006-03-31,0.0,4.7,199.7,98.4628,6769.3,62.9,295000.0,1969.0,4.72,4.51,6.41,162.2,101.375314595046,1294.8699951171875,581.7999877929688
2006-04-30,0.0,4.7,200.7,98.7618,6806.9,69.69,321000.0,1821.0,4.99,4.6,6.68,164.3,101.349558896035,1310.6099853515625,651.7999877929688
2006-05-31,0.0,4.6,201.3,98.7869,6813.7,70.94,330000.0,1942.0,5.11,4.72,6.75,165.8,101.287938336811,1270.0899658203125,642.5
2006-06-30,0.0,4.6,201.8,99.0997,6851.8,70.96,309000.0,1802.0,5.11,4.79,6.78,166.1,101.226499211382,1270.199951171875,613.5
2006-07-31,0.0,4.7,202.9,99.0489,6893.6,74.41,311000.0,1737.0,5.09,4.95,6.76,166.8,101.186705543865,1276.6600341796875,634.2000122070312
2006-08-31,0.0,4.7,203.8,99.4836,6925.1,73.05,314000.0,1650.0,4.88,4.96,6.59,167.9,101.190542277498,1303.8199462890625,625.9000244140625
2006-09-30,0.0,4.5,202.8,99.3183,6952.4,63.87,309000.0,1720.0,4.72,4.81,6.43,165.4,101.250093910692,1335.8499755859375,598.5999755859375
2006-10-31,0.0,4.4,201.9,99.2044,7001.7,58.88,328000.0,1491.0,4.73,4.92,6.42,162.2,101.343989288501,1377.93994140625,585.78
2006-11-30,0.0,4.5,202.0,99.1627,7037.2,59.37,349000.0,1570.0,4.6,4.94,6.2,164.6,101.458014269387,1400.6300048828125,646.9000244140625
2006-12-31,0.0,4.4,203.1,100.1735,7080.1,62.03,341000.0,1649.0,4.56,4.85,6.22,165.6,101.581533457319,1418.300048828125,635.2000122070312
2007-01-31,0.0,4.6,203.437,99.8346,7118.3,54.57,308000.0,1409.0,4.76,4.98,6.34,164.0,101.702022294538,1438.239990234375,652.0
2007-02-28,0.0,4.5,204.226,100.7753,7134.3,59.26,322000.0,1480.0,4.72,5.03,6.28,166.8,101.820109223547,1406.8199462890625,669.4000244140625
2007-03-31,0.0,4.4,205.288,100.9547,7168.2,60.56,307000.0,1495.0,4.56,4.94,6.27,169.3,101.942214597605,1420.8599853515625,663.0
2007-04-30,0.0,4.5,205.904,101.6334,7240.7,63.97,301000.0,1490.0,4.69,4.87,6.39,171.4,102.05814154703,1482.3699951171875,679.368
2007-05-31,0.0,4.4,206.755,101.7306,7254.6,63.46,310000.0,1415.0,4.75,4.73,6.39,173.3,102.146136685931,1530.6199951171875,661.0
2007-06-30,0.0,4.6,207.234,101.7893,7287.8,67.48,317000.0,1448.0,5.1,4.61,6.7,173.8,102.191926903529,1503.3499755859375,648.0999755859375
2007-07-31,0.0,4.7,207.603,101.6672,7318.7,74.18,305000.0,1354.0,5.0,4.82,6.65,175.1,102.179258094882,1455.27001953125,665.38
2007-08-31,0.0,4.6,207.667,101.863,7394.8,72.39,329000.0,1330.0,4.67,4.2,6.65,172.4,102.105204014749,1473.989990234375,673.0
2007-09-30,0.0,4.7,208.547,102.0894,7413.0,79.93,317000.0,1183.0,4.52,3.89,6.59,173.5,101.997436058694,1526.75,742.7999877929688
2007-10-31,0.0,4.7,209.19,101.8015,7428.1,86.2,328000.0,1264.0,4.53,3.9,6.48,174.7,101.876611176784,1549.3800048828125,792.0
2007-11-30,0.0,4.7,210.834,102.3446,7453.6,94.62,352000.0,1197.0,4.15,3.27,6.4,179.0,101.747835641999,1481.1400146484375,782.2000122070312
2007-12-31,0.0,5.0,211.445,102.3803,7483.9,91.73,360000.0,1037.0,4.1,3.0,6.65,178.6,101.62289826714,1468.3599853515625,834.9000244140625
2008-01-31,1.0,5.0,212.174,102.2448,7517.5,92.95,366000.0,1084.0,3.74,2.75,6.54,181.0,101.491802052944,1378.550048828125,922.7000122070312
2008-02-29,1.0,4.9,212.687,101.8438,7604.0,95.35,354000.0,1103.0,3.74,2.12,6.82,182.7,101.342314070918,1330.6300048828125,972.0999755859376
2008-03-31,1.0,5.1,213.448,101.5336,7670.0,105.56,387000.0,1005.0,3.51,1.26,6.89,187.9,101.17634709529,1322.699951171875,916.2000122070312
2008-04-30,1.0,5.0,213.942,100.8785,7712.5,112.57,370000.0,1013.0,3.68,1.29,6.97,190.9,100.969474377207,1385.5899658203125,862.7999877929688
2008-05-31,1.0,5.4,215.208,100.2674,7725.2,125.39,362000.0,973.0,3.88,1.73,6.93,196.6,100.688813874788,1400.3800048828125,887.2999877929688
2008-06-30,1.0,5.6,217.463,100.0335,7743.9,133.93,392000.0,1046.0,4.1,1.86,7.07,200.5,100.296717530138,1280.0,889.488
2008-07-31,1.0,5.8,219.016,99.676,7791.2,133.44,434000.0,923.0,4.01,1.63,7.16,205.5,99.7613077062331,1267.3800048828125,913.9000244140624
2008-08-31,1.0,6.1,218.69,98.1111,7805.8,116.61,442000.0,844.0,3.89,1.72,7.15,199.0,99.0657479134114,1282.8299560546875,829.2999877929688
2008-09-30,1.0,6.1,218.877,93.7895,7872.4,103.9,483000.0,820.0,3.69,1.13,7.31,196.9,98.2233399906736,1166.3599853515625,874.2000122070312
2008-10-31,1.0,6.5,216.995,94.7219,7974.9,76.65,480000.0,777.0,3.81,0.67,8.88,186.4,97.2966701350533,968.75,716.7999877929688
2008-11-30,1.0,6.8,213.153,93.4715,8027.0,57.44,529000.0,652.0,3.53,0.19,9.21,176.8,96.4090450038392,896.239990234375,816.2000122070312
2008-12-31,1.0,7.3,211.398,90.8357,8204.7,41.02,533000.0,560.0,2.42,0.03,8.43,170.9,95.6618750219537,903.25,883.5999755859375
2009-01-31,1.0,7.8,211.933,88.57,8289.0,41.74,629000.0,490.0,2.52,0.13,8.14,171.2,95.1195606219493,825.8800048828125,927.2999877929688
2009-02-28,1.0,8.3,212.705,88.031,8319.3,39.16,652000.0,582.0,2.87,0.3,8.08,169.3,94.8197825156016,735.0900268554688,943.0
2009-03-31,1.0,8.7,212.495,86.6528,8386.4,47.98,665000.0,505.0,2.82,0.21,8.42,168.1,94.7801929230505,797.8699951171875,924.273
2009-04-30,1.0,9.0,212.709,85.9344,8391.1,49.79,620000.0,478.0,2.93,0.16,8.39,169.1,94.9904087817014,872.8099975585938,890.7000122070312
2009-05-31,1.0,9.4,213.022,85.0665,8449.2,59.16,607000.0,540.0,3.29,0.18,8.06,170.8,95.381579037569,919.1400146484376,978.7999877929688
2009-06-30,1.0,9.5,214.79,84.7459,8459.3,69.68,594000.0,585.0,3.72,0.18,7.5,174.1,95.8824780158448,919.3200073242188,927.0999755859376
2009-07-31,0.0,9.5,214.726,85.7027,8463.5,64.09,587000.0,594.0,3.56,0.18,7.09,172.5,96.4304028084534,987.47998046875,953.7000122070312
2009-08-31,0.0,9.6,215.445,86.6426,8463.0,71.06,564000.0,586.0,3.59,0.17,6.58,175.0,96.9840425840379,1020.6199951171876,951.7000122070312
2009-09-30,0.0,9.8,215.861,87.4063,8461.6,69.46,554000.0,585.0,3.4,0.12,6.31,174.1,97.5122179325536,1057.0799560546875,1008.0
2009-10-31,0.0,10.0,216.509,87.6419,8487.9,75.82,522000.0,534.0,3.39,0.07,6.29,175.2,97.9968740221819,1036.18994140625,1039.699951171875
2009-11-30,0.0,9.9,217.234,88.0221,8517.0,78.08,475000.0,588.0,3.4,0.05,6.32,177.4,98.4401909890472,1095.6300048828125,1127.036
2009-12-31,0.0,9.9,217.347,88.3793,8512.2,74.3,468000.0,581.0,3.59,0.05,6.37,178.1,98.8471765400222,1115.0999755859375,1095.199951171875
2010-01-31,0.0,9.8,217.488,89.3426,8477.7,78.22,496000.0,614.0,3.73,0.06,6.25,181.9,99.1983946016407,1073.8699951171875,1083.0
2010-02-28,0.0,9.8,217.281,89.6779,8527.3,76.42,488000.0,604.0,3.69,0.11,6.34,181.0,99.4590077803099,1104.489990234375,1118.300048828125
2010-03-31,0.0,9.9,217.353,90.2928,8523.5,81.24,459000.0,636.0,3.73,0.15,6.27,183.3,99.63283351417,1169.4300537109375,1113.300048828125
2010-04-30,0.0,9.9,217.403,90.5991,8554.8,84.48,449000.0,687.0,3.85,0.16,6.25,184.4,99.7031747190411,1186.68994140625,1180.0999755859375
2010-05-31,0.0,9.6,217.29,91.823,8609.0,73.84,458000.0,583.0,3.42,0.16,6.05,184.8,99.6805781372234,1089.4100341796875,1212.199951171875
2010-06-30,0.0,9.4,217.199,91.9928,8628.1,75.35,464000.0,536.0,3.2,0.12,6.23,183.5,99.6051316947505,1030.7099609375,1245.5
2010-07-31,0.0,9.4,217.605,92.3421,8639.5,76.37,476000.0,546.0,3.01,0.16,6.01,184.1,99.5417160272091,1101.5999755859375,1181.699951171875
2010-08-31,0.0,9.5,217.923,92.6805,8687.9,76.82,467000.0,599.0,2.7,0.16,5.66,184.9,99.5402631881655,1049.3299560546875,1215.81
2010-09-30,0.0,9.5,218.275,92.9537,8718.7,75.31,459000.0,594.0,2.65,0.15,5.66,184.9,99.6121433905022,1141.199951171875,1307.800048828125
2010-10-31,0.0,9.4,219.035,92.6903,8768.4,81.9,453000.0,543.0,2.54,0.13,5.72,186.6,99.7434671508835,1183.260009765625,1357.0999755859375
2010-11-30,0.0,9.8,219.59,92.7709,8789.0,84.14,432000.0,545.0,2.76,0.14,5.92,187.7,99.9222538512235,1180.550048828125,1385.0
2010-12-31,0.0,9.3,220.472,93.6787,8823.2,89.04,404000.0,539.0,3.29,0.14,6.1,189.7,100.111262661853,1257.6400146484375,1421.0999755859375
2011-01-31,0.0,9.1,221.187,93.4814,8849.0,89.42,420000.0,630.0,3.39,0.15,6.09,192.7,100.270876319425,1286.1199951171875,1333.800048828125
2011-02-28,0.0,9.0,221.898,93.1102,8913.3,89.58,385000.0,517.0,3.58,0.13,6.15,195.8,100.36610192566,1327.219970703125,1409.300048828125
2011-03-31,0.0,9.0,223.046,94.0788,8971.5,102.94,399000.0,600.0,3.41,0.1,6.03,199.2,100.361311041169,1325.8299560546875,1438.9000244140625
2011-04-30,0.0,9.1,224.093,93.7749,9035.1,110.04,468000.0,554.0,3.46,0.06,6.02,203.1,100.253489796095,1363.6099853515625,1556.0
2011-05-31,0.0,9.0,224.806,93.888,9107.8,101.33,418000.0,561.0,3.17,0.04,5.78,204.1,100.054193514888,1345.199951171875,1512.58
2011-06-30,0.0,9.1,224.806,94.172,9182.1,96.29,421000.0,608.0,3.0,0.04,5.75,203.9,99.7863757741762,1320.6400146484375,1502.300048828125
2011-07-31,0.0,9.0,225.395,94.636,9344.2,97.19,406000.0,623.0,3.0,0.04,5.76,204.6,99.5007319961382,1292.280029296875,1628.300048828125
2011-08-31,0.0,9.0,226.106,95.2749,9531.0,86.33,409000.0,585.0,2.3,0.02,5.36,203.2,99.2628369222014,1218.8900146484375,1828.5
2011-09-30,0.0,9.0,226.597,95.1961,9551.5,85.61,406000.0,650.0,1.98,0.01,5.27,203.7,99.1393122201564,1131.4200439453125,1620.4000244140625
2011-10-31,0.0,8.8,226.75,95.8568,9584.4,86.41,399000.0,610.0,2.15,0.02,5.37,201.1,99.1599500658178,1253.300048828125,1724.199951171875
2011-11-30,0.0,8.6,227.169,95.8485,9636.5,97.21,397000.0,711.0,2.01,0.01,5.14,201.4,99.3049369656071,1246.9599609375,1745.5
2011-12-31,0.0,8.5,227.223,96.3571,9683.9,98.57,376000.0,694.0,1.98,0.01,5.25,199.8,99.5225533595263,1257.5999755859375,1565.800048828125
2012-01-31,0.0,8.3,227.842,96.9318,9757.6,100.24,372000.0,723.0,1.97,0.03,5.23,200.7,99.7397810552236,1312.4100341796875,1654.05
2012-02-29,0.0,8.3,228.329,97.2435,9809.8,102.25,365000.0,704.0,1.97,0.09,5.14,201.6,99.8919187650086,1365.6800537109375,1709.9000244140625
2012-03-31,0.0,8.2,228.807,96.74,9853.9,106.19,358000.0,695.0,2.17,0.08,5.23,204.2,99.9519229785348,1408.469970703125,1669.300048828125
2012-04-30,0.0,8.2,229.187,97.4359,9907.7,103.33,372000.0,753.0,2.05,0.08,5.19,203.7,99.9239455327995,1397.9100341796875,1649.2
2012-05-31,0.0,8.2,228.713,97.6609,9951.4,94.7,381000.0,708.0,1.8,0.09,5.07,201.9,99.8316130491675,1310.3299560546875,1562.5999755859375
2012-06-30,0.0,8.2,228.524,97.6663,10021.6,82.41,372000.0,757.0,1.62,0.09,5.02,199.8,99.7155129004883,1362.1600341796875,1603.5
2012-07-31,0.0,8.2,228.59,97.8713,10074.5,87.93,372000.0,740.0,1.53,0.1,4.87,200.1,99.6260250518889,1379.3199462890625,1594.29
2012-08-31,0.0,8.1,229.918,97.4525,10145.6,94.16,377000.0,754.0,1.68,0.1,4.91,202.7,99.5898890231031,1406.5799560546875,1684.5999755859375
2012-09-30,0.0,7.8,231.015,97.381,10226.1,94.72,376000.0,847.0,1.72,0.11,4.84,204.4,99.621567496891,1440.6700439453125,1771.0999755859375
2012-10-31,0.0,7.8,231.638,97.7193,10292.4,89.57,364000.0,915.0,1.75,0.1,4.58,203.5,99.6955748332509,1412.1600341796875,1717.5
2012-11-30,0.0,7.7,231.249,98.0777,10361.9,86.66,388000.0,833.0,1.65,0.09,4.51,201.8,99.7940480365879,1416.1800537109375,1710.9000244140625
2012-12-31,0.0,7.9,231.221,98.3101,10484.1,88.25,362000.0,976.0,1.72,0.07,4.63,201.5,99.9184542829989,1426.18994140625,1674.800048828125
2013-01-31,0.0,8.0,231.679,98.3342,10508.1,94.69,366000.0,888.0,1.91,0.07,4.73,202.5,100.062308102696,1498.1099853515625,1660.5999755859375
2013-02-28,0.0,7.7,232.937,98.7941,10527.5,95.32,342000.0,962.0,1.98,0.1,4.85,204.3,100.209300379301,1514.6800537109375,1577.699951171875
2013-03-31,0.0,7.5,232.282,99.1921,10583.8,93.05,375000.0,1010.0,1.96,0.09,4.85,204.0,100.333137726139,1569.18994140625,1594.800048828125
2013-04-30,0.0,7.6,231.797,99.1065,10611.3,92.07,331000.0,835.0,1.76,0.06,4.59,203.5,100.448264422967,1597.5699462890625,1472.199951171875
2013-05-31,0.0,7.5,231.893,99.1839,10646.1,94.8,353000.0,930.0,1.93,0.04,4.73,204.1,100.561951400664,1630.739990234375,1392.5999755859375
2013-06-30,0.0,7.5,232.445,99.3897,10703.3,95.8,340000.0,839.0,2.3,0.05,5.19,204.3,100.651202852565,1606.280029296875,1223.800048828125
2013-07-31,0.0,7.3,232.9,99.0814,10742.8,104.61,334000.0,880.0,2.58,0.04,5.32,204.4,100.704699227359,1685.72998046875,1312.4000244140625
2013-08-31,0.0,7.2,233.456,99.6543,10801.2,106.57,325000.0,917.0,2.74,0.04,5.42,204.2,100.734842400674,1632.969970703125,1396.0999755859375
2013-09-30,0.0,7.2,233.544,100.161,10862.0,106.29,319000.0,850.0,2.81,0.02,5.47,203.9,100.747465342757,1681.550048828125,1348.6
2013-10-31,0.0,7.2,233.669,100.082,10986.3,100.54,347000.0,925.0,2.62,0.05,5.31,202.5,100.752391392228,1756.5400390625,1323.5999755859375
2013-11-30,0.0,6.9,234.1,100.3158,10995.6,93.86,312000.0,1100.0,2.72,0.07,5.38,201.2,100.757857922185,1805.81005859375,1250.5999755859375
2013-12-31,0.0,6.7,234.719,100.5175,11060.1,97.63,332000.0,1002.0,2.9,0.07,5.38,202.0,100.751512973987,1848.3599853515625,1221.512
2014-01-31,0.0,6.6,235.288,100.1599,11130.8,94.62,340000.0,888.0,2.86,0.04,5.19,203.8,100.738903350721,1782.5899658203125,1240.0999755859375
2014-02-28,0.0,6.7,235.547,100.9168,11196.8,100.82,341000.0,944.0,2.71,0.05,5.1,205.7,100.75493180612,1859.449951171875,1321.4000244140625
2014-03-31,0.0,6.7,236.028,101.8942,11232.6,100.8,330000.0,970.0,2.72,0.05,5.06,207.0,100.800669249263,1872.3399658203125,1283.4000244140625
2014-04-30,0.0,6.2,236.468,101.9928,11277.7,102.07,345000.0,1043.0,2.71,0.03,4.9,208.3,100.857332962147,1883.949951171875,1295.5999755859375
2014-05-31,0.0,6.3,236.918,102.3836,11342.8,102.18,312000.0,1007.0,2.56,0.03,4.76,208.0,100.906766323251,1923.5699462890625,1245.5999755859375
2014-06-30,0.0,6.1,237.231,102.735,11398.1,105.79,308000.0,911.0,2.6,0.04,4.8,208.3,100.941955698918,1960.22998046875,1279.1
2014-07-31,0.0,6.2,237.498,102.9632,11453.0,103.59,303000.0,1085.0,2.54,0.03,4.73,208.0,100.958678397059,1930.6700439453125,1281.300048828125
2014-08-31,0.0,6.1,237.46,102.7688,11477.3,96.54,303000.0,984.0,2.42,0.03,4.69,207.0,100.959465258766,2003.3699951171875,1285.800048828125
2014-09-30,0.0,5.9,237.477,103.0641,11519.1,93.21,290000.0,1023.0,2.53,0.02,4.8,206.4,100.946580282283,1972.2900390625,1210.5
2014-10-31,0.0,5.7,237.43,103.0764,11593.1,84.4,291000.0,1074.0,2.3,0.02,4.69,203.4,100.915510218085,2018.050048828125,1171.0999755859375
2014-11-30,0.0,5.8,236.983,103.7126,11634.2,75.79,291000.0,1001.0,2.33,0.02,4.79,200.9,100.865126132202,2067.56005859375,1175.199951171875
2014-12-31,0.0,5.6,236.252,103.7044,11717.6,59.29,285000.0,1073.0,2.21,0.03,4.74,197.0,100.789970462432,2058.89990234375,1183.9000244140625
2015-01-31,0.0,5.7,234.747,102.8905,11805.2,47.22,281000.0,1085.0,1.88,0.03,4.45,192.0,100.693305207165,1994.989990234375,1278.5
2015-02-28,0.0,5.5,235.342,102.2335,11922.8,50.58,317000.0,886.0,1.98,0.02,4.51,191.1,100.58446353456,2104.5,1227.08
2015-03-31,0.0,5.4,235.976,101.8914,11920.5,47.82,269000.0,960.0,2.04,0.03,4.54,191.5,100.477501983529,2067.889892578125,1178.63
2015-04-30,0.0,5.4,236.222,101.3355,11954.6,54.45,269000.0,1190.0,1.94,0.02,4.48,190.9,100.373020465389,2085.510009765625,1182.4000244140625
2015-05-31,0.0,5.6,237.001,100.8883,11982.6,59.27,275000.0,1079.0,2.2,0.02,4.89,193.4,100.262685549442,2107.389892578125,1189.4000244140625
2015-06-30,0.0,5.3,237.657,100.571,12023.2,59.82,275000.0,1205.0,2.36,0.02,5.13,194.8,100.14044061208,2063.110107421875,1171.5
2015-07-31,0.0,5.2,238.034,101.2228,12067.0,50.9,269000.0,1146.0,2.32,0.03,5.2,193.9,99.9845020118756,2103.840087890625,1094.9000244140625
2015-08-31,0.0,5.1,238.033,101.0367,12112.0,42.87,279000.0,1130.0,2.17,0.07,5.19,191.9,99.8050901195199,1972.1800537109373,1131.5999755859375
2015-09-30,0.0,5.0,237.498,100.7547,12173.9,45.48,272000.0,1224.0,2.17,0.02,5.34,189.1,99.6311374823797,1920.030029296875,1115.5
2015-10-31,0.0,5.0,237.733,100.2675,12225.2,46.22,275000.0,1058.0,2.07,0.02,5.34,187.5,99.4871072848348,2079.360107421875,1141.5
2015-11-30,0.0,5.1,238.017,99.5298,12317.0,42.44,265000.0,1172.0,2.26,0.12,5.46,185.7,99.3651609479481,2080.409912109375,1086.44
2015-12-31,0.0,5.0,237.761,99.0417,12387.9,37.19,276000.0,1146.0,2.24,0.23,5.46,183.5,99.2589284919702,2043.93994140625,1060.300048828125
2016-01-31,0.0,4.8,237.652,99.5607,12518.5,31.68,282000.0,1092.0,2.09,0.26,5.45,182.6,99.1732969826705,1940.239990234375,1116.4000244140625
2016-02-29,0.0,4.9,237.336,99.0445,12603.9,30.32,269000.0,1225.0,1.78,0.31,5.34,181.3,99.1155816518724,1932.22998046875,1233.9000244140625
2016-03-31,0.0,5.0,238.08,98.3096,12661.8,37.55,271000.0,1111.0,1.89,0.29,5.13,182.1,99.0966893663656,2059.739990234375,1234.199951171875
2016-04-30,0.0,5.1,238.992,98.6421,12743.2,40.75,278000.0,1163.0,1.81,0.23,4.79,183.2,99.0976604098516,2065.300048828125,1289.199951171875
2016-05-31,0.0,4.8,239.557,98.4184,12802.0,46.71,263000.0,1148.0,1.81,0.27,4.68,185.3,99.102570497743,2096.949951171875,1260.95
2016-06-30,0.0,4.9,240.222,98.8833,12852.5,48.76,262000.0,1203.0,1.64,0.27,4.53,187.6,99.1047828198946,2098.860107421875,1318.4000244140625
2016-07-31,0.0,4.8,240.101,98.9992,12911.9,44.65,266000.0,1239.0,1.5,0.3,4.22,187.7,99.1228260017771,2173.60009765625,1349.0
2016-08-31,0.0,4.9,240.545,98.85,12989.7,44.72,261000.0,1171.0,1.56,0.3,4.24,186.6,99.1688998796559,2170.949951171875,1306.9000244140625
2016-09-30,0.0,5.0,241.176,98.7457,13054.9,45.18,247000.0,1068.0,1.63,0.29,4.31,186.9,99.2575293783669,2168.27001953125,1313.300048828125
2016-10-31,0.0,4.9,241.741,98.7611,13122.8,49.78,265000.0,1313.0,1.76,0.33,4.38,186.7,99.3835896036151,2126.14990234375,1271.5
2016-11-30,0.0,4.7,242.026,98.3491,13208.7,45.66,255000.0,1140.0,2.14,0.45,4.71,186.3,99.5311082281884,2198.81005859375,1170.800048828125
2016-12-31,0.0,4.7,242.637,99.0214,13234.9,51.97,244000.0,1252.0,2.49,0.51,4.83,188.2,99.6792222962313,2238.830078125,1150.0
2017-01-31,0.0,4.7,243.618,98.7611,13315.7,52.5,241000.0,1190.0,2.43,0.51,4.66,190.7,99.7976621692239,2278.8701171875,1192.1
2017-02-28,0.0,4.6,244.006,98.3646,13394.8,53.47,221000.0,1271.0,2.42,0.52,4.64,191.6,99.8747155131521,2363.639892578125,1252.5999755859375
2017-03-31,0.0,4.4,243.892,99.0137,13463.6,49.33,236000.0,1190.0,2.48,0.74,4.68,191.5,99.911302313253,2362.719970703125,1247.300048828125
2017-04-30,0.0,4.4,244.193,100.0224,13521.7,51.06,232000.0,1146.0,2.3,0.8,4.57,193.0,99.9229021321995,2384.199951171875,1266.0999755859375
2017-05-31,0.0,4.4,244.004,100.1408,13568.9,48.48,253000.0,1157.0,2.3,0.89,4.55,192.8,99.9300398861193,2411.800048828125,1272.0
2017-06-30,0.0,4.3,244.163,100.3471,13580.5,45.18,247000.0,1249.0,2.19,0.98,4.37,193.6,99.9478458919032,2423.409912109375,1240.699951171875
2017-07-31,0.0,4.3,244.243,100.1068,13643.1,46.63,245000.0,1206.0,2.32,1.07,4.39,193.5,99.9822865743288,2470.300048828125,1266.5999755859375
2017-08-31,0.0,4.4,245.183,99.6925,13697.7,48.04,247000.0,1159.0,2.21,1.01,4.31,193.8,100.058770573086,2471.64990234375,1316.199951171875
2017-09-30,0.0,4.3,246.435,99.7954,13745.1,49.82,260000.0,1181.0,2.2,1.03,4.3,194.8,100.169370784466,2519.360107421875,1281.5
2017-10-31,0.0,4.2,246.626,101.0247,13800.1,51.58,241000.0,1257.0,2.36,1.07,4.32,194.9,100.301547801856,2575.260009765625,1279.51
2017-11-30,0.0,4.2,247.284,101.2664,13843.5,56.64,243000.0,1273.0,2.35,1.23,4.27,195.9,100.437443103813,2647.580078125,1273.199951171875
2017-12-31,0.0,4.1,247.805,101.4644,13881.7,57.88,248000.0,1177.0,2.4,1.32,4.22,196.3,100.572519381457,2673.610107421875,1306.300048828125
2018-01-31,0.0,4.0,248.859,101.4625,13900.3,63.7,228000.0,1299.0,2.58,1.41,4.26,197.9,100.706391676576,2823.81005859375,1339.0
2018-02-28,0.0,4.1,249.529,101.7085,13949.3,62.23,216000.0,1277.0,2.86,1.57,4.51,199.3,100.827967747146,2713.830078125,1315.5
2018-03-31,0.0,4.0,249.577,102.2067,14012.7,62.73,232000.0,1318.0,2.84,1.7,4.64,199.3,100.905010167501,2640.8701171875,1322.800048828125
2018-04-30,0.0,4.0,250.227,103.3329,14035.9,66.25,209000.0,1276.0,2.87,1.76,4.67,200.3,100.930595122162,2648.050048828125,1334.76
2018-05-31,0.0,3.8,250.792,102.4024,14092.4,69.98,222000.0,1357.0,2.98,1.86,4.83,203.2,100.913843626584,2705.27001953125,1300.0999755859375
2018-06-30,0.0,4.0,251.018,103.198,14137.2,67.87,228000.0,1192.0,2.91,1.9,4.83,204.2,100.866021363146,2718.3701171875,1251.300048828125
2018-07-31,0.0,3.8,251.214,103.3646,14174.6,70.98,207000.0,1208.0,2.89,1.96,4.79,204.3,100.790147565895,2816.2900390625,1237.71
2018-08-31,0.0,3.8,251.663,104.0327,14223.2,68.06,211000.0,1288.0,2.89,2.03,4.77,203.4,100.689128827849,2901.52001953125,1200.300048828125
2018-09-30,0.0,3.7,252.182,104.1004,14245.5,70.23,210000.0,1250.0,3.0,2.13,4.88,203.6,100.548246854233,2913.97998046875,1191.5
2018-10-31,0.0,3.8,252.772,103.9856,14256.6,70.75,216000.0,1221.0,3.15,2.25,5.07,204.6,100.362874382949,2711.739990234375,1212.300048828125
2018-11-30,0.0,3.8,252.594,104.0681,14282.8,56.96,237000.0,1181.0,3.12,2.33,5.22,202.3,100.1503378584,2760.169921875,1220.199951171875
2018-12-31,0.0,3.9,252.767,104.0936,14386.8,49.52,238000.0,1095.0,2.83,2.37,5.13,201.0,99.9331683319049,2506.85009765625,1278.300048828125
2019-01-31,0.0,4.0,252.561,103.4021,14459.7,51.38,234000.0,1226.0,2.71,2.37,5.12,199.1,99.7330282833286,2704.10009765625,1319.699951171875
2019-02-28,0.0,3.8,253.319,102.8371,14506.3,54.95,221000.0,1121.0,2.68,2.39,4.95,199.2,99.5672504526963,2784.489990234375,1312.800048828125
2019-03-31,0.0,3.8,254.277,102.8757,14557.5,58.15,203000.0,1191.0,2.57,2.4,4.84,200.8,99.4345205808664,2834.39990234375,1293.0
2019-04-30,0.0,3.7,255.233,102.274,14594.7,63.86,224000.0,1272.0,2.53,2.38,4.7,202.1,99.3125169165831,2945.830078125,1282.800048828125
2019-05-31,0.0,3.6,255.296,102.392,14704.4,60.83,222000.0,1293.0,2.4,2.35,4.63,201.7,99.1984969283768,2752.06005859375,1305.800048828125
2019-06-30,0.0,3.6,255.213,102.4375,14802.8,54.66,226000.0,1243.0,2.07,2.17,4.46,200.3,99.0954068943302,2941.760009765625,1409.699951171875
2019-07-31,0.0,3.7,255.802,101.9408,14886.8,57.35,206000.0,1240.0,2.06,2.1,4.28,200.7,99.0108584356205,2980.3798828125,1426.0999755859375
2019-08-31,0.0,3.6,256.036,102.639,14974.4,54.81,215000.0,1375.0,1.63,1.95,3.87,199.2,98.9563016077688,2926.4599609375,1519.0999755859375
2019-09-30,0.0,3.5,256.43,102.2917,15047.0,56.95,215000.0,1311.0,1.7,1.89,3.91,198.4,98.9582288191408,2976.739990234375,1510.58
2019-10-31,0.0,3.6,257.155,101.4281,15184.1,53.96,215000.0,1325.0,1.71,1.65,3.92,198.6,99.0117079998075,3037.56005859375,1511.4000244140625
2019-11-30,0.0,3.6,257.879,101.9372,15296.0,57.03,231000.0,1353.0,1.81,1.54,3.94,199.0,99.0937460827678,3140.97998046875,1465.5999755859375
2019-12-31,0.0,3.6,258.63,101.7003,15347.5,59.88,231000.0,1548.0,1.86,1.54,3.88,199.0,99.1715757162683,3230.780029296875,1479.13
2020-01-31,0.0,3.6,259.127,101.0338,15427.1,57.52,210000.0,1581.0,1.76,1.52,3.77,199.3,99.20611252183,3225.52001953125,1582.9000244140625
2020-02-29,0.0,3.5,259.25,101.3735,15493.4,50.54,215000.0,1549.0,1.5,1.52,3.61,196.7,99.167912288558,2954.219970703125,1564.0999755859375
2020-03-31,1.0,4.4,258.076,97.4078,16033.0,29.21,5946000.0,1266.0,0.87,0.29,4.29,193.1,97.759114553236,2584.590087890625,1591.93
2020-04-30,1.0,14.8,256.032,84.5619,17065.3,16.55,3446000.0,936.0,0.66,0.14,4.13,185.5,92.8759420286411,2912.429931640625,1684.199951171875
2020-05-31,0.0,13.2,255.802,85.9604,17932.9,28.56,1639000.0,1039.0,0.67,0.13,3.95,188.6,94.4133862754006,3044.31005859375,1736.9000244140625
2020-06-30,0.0,11.0,257.042,91.5934,18184.3,38.31,1446000.0,1266.0,0.73,0.16,3.64,191.2,96.2798941292885,3100.2900390625,1793.0
2020-07-31,0.0,10.2,258.352,95.0256,18335.4,40.71,1260000.0,1526.0,0.62,0.13,3.31,193.0,97.839193902484,3271.1201171875,1962.800048828125
2020-08-31,0.0,8.4,259.316,95.9549,18411.2,42.34,881000.0,1396.0,0.65,0.1,3.27,194.3,98.5527860948702,3500.31005859375,1967.5999755859373
2020-09-30,0.0,7.8,259.997,95.9669,18602.5,39.63,795000.0,1473.0,0.68,0.11,3.36,195.5,98.8534602333946,3363.0,1887.5
2020-10-31,0.0,6.9,260.319,96.7394,18757.6,39.4,773000.0,1543.0,0.79,0.1,3.44,196.5,99.2215874827237,3269.9599609375,1877.4000244140625
2020-11-30,0.0,6.7,260.911,97.0816,18997.0,40.94,737000.0,1543.0,0.87,0.09,3.3,198.3,99.6207700555906,3621.6298828125,1866.3
2020-12-31,0.0,6.7,262.045,98.363,19115.7,47.02,773000.0,1614.0,0.93,0.09,3.16,200.5,100.035823613443,3756.070068359375,1893.0999755859373
2021-01-31,0.0,6.4,262.687,98.8822,19379.0,52.0,803000.0,1630.0,1.08,0.08,3.24,204.8,100.401326430879,3714.239990234375,1847.300048828125
2021-02-28,0.0,6.2,263.579,95.6149,19641.8,59.04,704000.0,1404.0,1.26,0.04,3.42,210.6,100.754221587662,3811.14990234375,1728.0999755859375
2021-03-31,0.0,6.1,264.961,98.3856,19873.2,62.33,658000.0,1696.0,1.61,0.03,3.74,215.0,101.064674372698,3972.889892578125,1713.800048828125
2021-04-30,0.0,6.1,266.614,98.5587,20176.9,61.72,574000.0,1495.0,1.64,0.02,3.6,217.9,101.301414341349,4181.169921875,1767.300048828125
2021-05-31,0.0,5.8,268.383,99.4333,20460.4,65.17,427000.0,1589.0,1.62,0.02,3.62,224.9,101.361668956007,4204.10986328125,1902.5
2021-06-30,0.0,5.9,270.654,99.7987,20477.8,71.38,368000.0,1650.0,1.52,0.04,3.44,228.9,101.356814868079,4297.5,1770.800048828125
2021-07-31,0.0,5.4,271.903,100.2519,20633.3,72.49,379000.0,1597.0,1.32,0.05,3.24,231.85,101.302671172213,4395.259765625,1812.5999755859373
2021-08-31,0.0,5.1,272.676,100.0437,20840.9,67.73,353000.0,1594.0,1.28,0.05,3.24,233.415,101.233606462099,4522.68017578125,1785.28
2021-09-30,0.0,4.7,273.91,98.8579,20981.0,71.65,375000.0,1577.0,1.37,0.04,3.23,235.678,101.182165931595,4307.5400390625,1755.300048828125
2021-10-31,0.0,4.5,276.55,100.1861,21160.6,81.48,261000.0,1579.0,1.58,0.05,3.35,240.465,101.153485823632,4605.3798828125,1783.0
2021-11-30,0.0,4.1,278.919,100.8654,21335.5,79.15,221000.0,1705.0,1.56,0.05,3.28,243.287,101.131306209505,4567.0,1773.5999755859375
2021-12-31,0.0,3.9,280.845,100.5726,21498.5,71.71,217000.0,1722.0,1.47,0.06,3.3,241.338,101.086049085882,4766.18017578125,1827.5
2022-01-31,0.0,4.0,282.543,100.1856,21650.1,83.22,231000.0,1702.0,1.76,0.15,3.58,246.453,100.99278650198,4515.5498046875,1795.0
2022-02-28,0.0,3.9,284.5,100.8064,21725.2,91.64,208000.0,1735.0,1.93,0.33,3.97,252.66,100.844827344663,4373.93994140625,1899.4000244140625
2022-03-31,0.0,3.7,287.674,101.3907,21787.2,108.5,214000.0,1712.0,2.13,0.44,4.29,260.014,100.63301420946,4530.41015625,1949.199951171875
2022-04-30,0.0,3.7,288.561,101.44,21769.4,101.78,218000.0,1820.0,2.75,0.76,4.66,265.31,100.360717152,4131.93017578125,1909.300048828125
2022-05-31,0.0,3.6,291.298,101.3335,21719.9,109.55,199000.0,1531.0,2.9,0.98,5.12,273.251,100.037607337797,4132.14990234375,1848.5
2022-06-30,0.0,3.6,294.957,101.018,21651.5,114.84,212000.0,1551.0,3.14,1.49,5.27,280.251,99.7128818512736,3785.3798828125,1804.0999755859373
2022-07-31,0.0,3.5,294.913,101.223,21652.9,101.62,228000.0,1381.0,2.9,2.23,5.21,272.274,99.4361966844455,4130.2900390625,1762.9000244140625
2022-08-31,0.0,3.6,295.097,101.0963,21638.4,93.67,210000.0,1531.0,2.9,2.63,5.15,269.546,99.2221758163581,3955.0,1712.800048828125
2022-09-30,0.0,3.5,296.349,101.2918,21536.7,84.26,190000.0,1488.0,3.52,3.13,5.69,267.898,99.0551612613094,3585.6201171875,1662.4000244140625
2022-10-31,0.0,3.6,298.007,101.2529,21461.7,87.55,202000.0,1435.0,3.98,3.72,6.26,265.061,98.9220496765245,3871.97998046875,1635.9000244140625
2022-11-30,0.0,3.6,298.786,100.9552,21406.7,84.37,209000.0,1424.0,3.89,4.15,6.07,263.157,98.8155136723773,4080.110107421875,1746.0
2022-12-31,0.0,3.5,298.832,99.7664,21290.9,76.44,205000.0,1308.0,3.62,4.25,5.59,257.897,98.7392475836449,3839.5,1819.699951171875
2023-01-31,0.0,3.5,300.42,100.505,21279.9,78.12,200000.0,1361.0,3.53,4.54,5.5,260.227,98.6847635114651,4076.60009765625,1897.71
2023-02-28,0.0,3.6,301.45,100.6416,21243.7,76.83,207000.0,1399.0,3.75,4.65,5.59,258.669,98.6314149726395,3970.14990234375,1828.9000244140625
2023-03-31,0.0,3.5,301.821,101.0205,20947.4,73.28,234000.0,1377.0,3.66,4.69,5.71,257.062,98.5905275015914,4109.31005859375,1969.0
2023-04-30,0.0,3.4,302.845,101.253,20761.4,79.45,213000.0,1354.0,3.46,4.92,5.53,256.908,98.5860282242037,4169.47998046875,1990.0999755859373
2023-05-31,0.0,3.6,303.334,100.9286,20829.6,71.58,229000.0,1584.0,3.57,5.14,5.77,253.67,98.6237772781469,4179.830078125,1963.9000244140625
2023-06-30,0.0,3.6,304.014,100.1196,20799.4,70.25,236000.0,1421.0,3.75,5.16,5.75,253.86,98.7011527793801,4450.3798828125,1921.0999755859373
2023-07-31,0.0,3.5,304.609,100.9067,20791.4,76.07,238000.0,1460.0,3.9,5.25,5.74,253.835,98.7850500841344,4588.9599609375,1970.5
2023-08-31,0.0,3.7,306.082,100.8393,20777.5,81.39,234000.0,1317.0,4.17,5.3,6.02,257.68,98.8497927734255,4507.66015625,1938.199951171875
2023-09-30,0.0,3.7,307.276,101.0211,20747.8,89.43,216000.0,1371.0,4.38,5.32,6.16,258.934,98.8914592460408,4288.0498046875,1848.0999755859373
2023-10-31,0.0,3.9,307.696,100.4689,20732.9,85.64,217000.0,1368.0,4.8,5.34,6.63,255.192,98.9237644759293,4193.7998046875,1916.25
2023-11-30,0.0,3.7,308.148,100.8639,20746.4,77.69,213000.0,1514.0,4.5,5.27,6.29,252.856,98.9780231417075,4567.7998046875,2038.0999755859373
2023-12-31,0.0,3.8,308.741,100.6031,20777.8,71.9,200000.0,1521.0,4.02,5.24,5.64,249.866,99.0704399217585,4769.830078125,2062.39990234375
2024-01-31,0.0,3.7,309.698,99.2223,20843.7,74.15,226000.0,1381.0,4.06,5.22,5.68,251.306,99.1880495508085,4845.64990234375,2048.39990234375
2024-02-29,0.0,3.9,310.967,100.285,20926.9,77.25,212000.0,1552.0,4.21,5.24,5.77,254.926,99.3065690942333,5096.27001953125,2045.699951171875
2024-03-31,0.0,3.9,312.345,100.4575,20973.2,81.28,223000.0,1312.0,4.21,5.24,5.75,255.095,99.4014873603072,5254.35009765625,2217.39990234375
2024-04-30,0.0,3.9,313.023,100.2434,20958.8,85.35,207000.0,1385.0,4.54,5.24,6.0,256.978,99.4507913123534,5035.68994140625,2291.39990234375
2024-05-31,0.0,3.9,313.175,100.863,21019.9,80.02,220000.0,1316.0,4.48,5.25,5.95,255.313,99.4622358863152,5277.509765625,2322.89990234375
2024-06-30,0.0,4.1,313.044,100.894,21067.7,79.77,238000.0,1327.0,4.31,5.24,5.82,255.914,99.4656436019327,5460.47998046875,2327.699951171875
2024-07-31,0.0,4.2,313.569,99.9757,21094.4,81.8,248000.0,1265.0,4.25,5.2,5.84,257.321,99.4949550639271,5522.2998046875,2426.5
2024-08-31,0.0,4.2,314.062,100.4309,21185.8,76.68,227000.0,1391.0,3.87,5.05,5.6,255.463,99.5662824869849,5648.39990234375,2493.800048828125
2024-09-30,0.0,4.1,314.732,99.8084,21268.6,70.24,227000.0,1357.0,3.72,4.72,5.42,252.682,99.6797810576566,5762.47998046875,2570.55
2024-10-31,0.0,4.1,315.631,99.4695,21331.0,71.99,219000.0,1352.0,4.1,4.51,5.63,253.081,99.8112229194492,5705.4501953125,2738.300048828125
2024-11-30,0.0,4.2,316.528,99.2925,21451.6,69.95,222000.0,1295.0,4.36,4.42,5.78,253.211,99.9347903589371,6032.3798828125,2657.0
2024-12-31,0.0,4.1,317.604,100.3273,21485.3,70.12,212000.0,1514.0,4.39,4.27,5.8,253.423,100.016273551243,5881.6298828125,2648.01
2025-01-31,0.0,4.0,318.961,100.0647,21547.6,75.74,212000.0,1358.0,4.63,4.21,6.08,257.36,100.032253960582,6040.52978515625,2812.5
2025-02-28,0.0,4.2,319.679,101.0993,21613.2,71.53,241000.0,1490.0,4.45,4.22,5.92,259.498,99.9883824177755,5954.5,2836.800048828125
2025-03-31,0.0,4.2,319.785,101.0404,21693.5,68.24,220000.0,1355.0,4.28,4.2,5.93,258.525,99.9088502885654,5611.85009765625,3122.800048828125
2025-04-30,0.0,4.2,320.302,101.1279,21775.5,63.54,239000.0,1398.0,4.28,4.21,6.18,258.392,99.8368620203103,5569.06005859375,3305.0
2025-05-31,0.0,4.3,320.62,100.9655,21833.8,62.17,244000.0,1282.0,4.42,4.25,6.29,258.678,99.8210748608696,5911.68994140625,3288.89990234375
2025-06-30,0.0,4.1,321.435,101.4785,21938.7,68.17,231000.0,1382.0,4.38,4.23,6.15,260.491,99.8550530406877,6204.9501953125,3352.66
2025-07-31,0.0,4.3,322.169,101.894,22019.9,68.39,219000.0,1420.0,4.39,4.25,6.1,262.358,99.9085801542482,6339.39013671875,3293.199951171875
2025-08-31,0.0,4.3,323.291,101.6247,22086.8,64.86,236000.0,1291.0,4.26,4.12,6.0,262.11,99.970136321856,6460.259765625,3473.699951171875
2025-09-30,0.0,4.4,324.245,101.668,22169.8,63.96,225000.0,1328.0,4.12,3.92,5.83,262.054,100.047929913788,6688.4599609375,3840.800048828125
2025-10-31,0.0,4.45,324.654,101.51425,22233.15,62.010000000000005,220500.0,1326.0,4.105,3.8499999999999996,5.845000000000001,261.8165,100.1702781315575,6768.77490234375,4029.5499267578125
2025-11-30,0.0,4.5,325.063,101.3605,22296.5,60.06,216000.0,1324.0,4.09,3.78,5.86,261.579,100.292626349327,6849.08984375,4218.2998046875
2025-12-31,0.0,4.4,326.031,101.6781,22386.9,57.97,203000.0,1387.0,4.14,3.59,5.9,261.02,100.466130198631,6845.5,4325.60009765625
2026-01-31,0.0,4.3,326.588,102.3963,22469.1,60.04,230000.0,1487.0,4.21,3.57,5.88,262.39,100.661699849666,6939.02978515625,4713.89990234375
